	e8.5	e8.5	e8.5	e8.5	e8.5	e8.5
AHR_MOUSE.H11MO.0.B	8.246728657382074e-3	8.246728657382074e-3	8.246728657382074e-3	8.246728657382074e-3	8.246728657382074e-3	8.246728657382074e-3
AIRE_MOUSE.H11MO.0.C	5.006942399124803e-3	5.006942399124803e-3	5.006942399124803e-3	5.006942399124803e-3	5.006942399124803e-3	5.006942399124803e-3
ALX1_MOUSE.H11MO.0.B	7.95220263390417e-3	7.95220263390417e-3	7.95220263390417e-3	7.95220263390417e-3	7.95220263390417e-3	7.95220263390417e-3
ANDR_MOUSE.H11MO.0.A	1.262254386333983e-3	1.262254386333983e-3	1.262254386333983e-3	1.262254386333983e-3	1.262254386333983e-3	1.262254386333983e-3
ANDR_MOUSE.H11MO.1.A	5.89052046955918e-4	5.89052046955918e-4	5.89052046955918e-4	5.89052046955918e-4	5.89052046955918e-4	5.89052046955918e-4
AP2A_MOUSE.H11MO.0.A	0.0	0.0	0.0	0.0	0.0	0.0
AP2B_MOUSE.H11MO.0.B	4.2075146211129066e-5	4.2075146211129066e-5	4.2075146211129066e-5	4.2075146211129066e-5	4.2075146211129066e-5	4.2075146211129066e-5
AP2C_MOUSE.H11MO.0.A	0.0	0.0	0.0	0.0	0.0	0.0
AP2D_MOUSE.H11MO.0.D	4.2075146211129066e-5	4.2075146211129066e-5	4.2075146211129066e-5	4.2075146211129066e-5	4.2075146211129066e-5	4.2075146211129066e-5
ARI3A_MOUSE.H11MO.0.D	4.123364328691093e-3	4.123364328691093e-3	4.123364328691093e-3	4.123364328691093e-3	4.123364328691093e-3	4.123364328691093e-3
ARI5B_MOUSE.H11MO.0.C	7.741826902848525e-3	7.741826902848525e-3	7.741826902848525e-3	7.741826902848525e-3	7.741826902848525e-3	7.741826902848525e-3
ARNT2_MOUSE.H11MO.0.D	9.256532166449505e-4	9.256532166449505e-4	9.256532166449505e-4	9.256532166449505e-4	9.256532166449505e-4	9.256532166449505e-4
ARNT_MOUSE.H11MO.0.B	5.848445323347495e-3	5.848445323347495e-3	5.848445323347495e-3	5.848445323347495e-3	5.848445323347495e-3	5.848445323347495e-3
ASCL1_MOUSE.H11MO.0.A	4.2075146211129066e-5	4.2075146211129066e-5	4.2075146211129066e-5	4.2075146211129066e-5	4.2075146211129066e-5	4.2075146211129066e-5
ASCL2_MOUSE.H11MO.0.C	1.262254386333872e-4	1.262254386333872e-4	1.262254386333872e-4	1.262254386333872e-4	1.262254386333872e-4	1.262254386333872e-4
ATF1_MOUSE.H11MO.0.B	9.256532166449505e-4	9.256532166449505e-4	9.256532166449505e-4	9.256532166449505e-4	9.256532166449505e-4	9.256532166449505e-4
ATF2_MOUSE.H11MO.0.A	2.524508772667744e-4	2.524508772667744e-4	2.524508772667744e-4	2.524508772667744e-4	2.524508772667744e-4	2.524508772667744e-4
ATF3_MOUSE.H11MO.0.A	4.2075146211129066e-5	4.2075146211129066e-5	4.2075146211129066e-5	4.2075146211129066e-5	4.2075146211129066e-5	4.2075146211129066e-5
ATF4_MOUSE.H11MO.0.A	4.586190937013512e-3	4.586190937013512e-3	4.586190937013512e-3	4.586190937013512e-3	4.586190937013512e-3	4.586190937013512e-3
ATF7_MOUSE.H11MO.0.D	2.9452602347790346e-4	2.9452602347790346e-4	2.9452602347790346e-4	2.9452602347790346e-4	2.9452602347790346e-4	2.9452602347790346e-4
ATOH1_MOUSE.H11MO.0.B	2.9452602347790346e-4	2.9452602347790346e-4	2.9452602347790346e-4	2.9452602347790346e-4	2.9452602347790346e-4	2.9452602347790346e-4
BACH1_MOUSE.H11MO.0.C	3.786763159001949e-3	3.786763159001949e-3	3.786763159001949e-3	3.786763159001949e-3	3.786763159001949e-3	3.786763159001949e-3
BACH2_MOUSE.H11MO.0.A	2.1037573105564533e-4	2.1037573105564533e-4	2.1037573105564533e-4	2.1037573105564533e-4	2.1037573105564533e-4	2.1037573105564533e-4
BARX1_MOUSE.H11MO.0.C	6.142971346825399e-3	6.142971346825399e-3	6.142971346825399e-3	6.142971346825399e-3	6.142971346825399e-3	6.142971346825399e-3
BARX2_MOUSE.H11MO.0.D	7.95220263390417e-3	7.95220263390417e-3	7.95220263390417e-3	7.95220263390417e-3	7.95220263390417e-3	7.95220263390417e-3
BATF3_MOUSE.H11MO.0.A	1.851306433289901e-3	1.851306433289901e-3	1.851306433289901e-3	1.851306433289901e-3	1.851306433289901e-3	1.851306433289901e-3
BATF_MOUSE.H11MO.0.A	6.732023393781761e-4	6.732023393781761e-4	6.732023393781761e-4	6.732023393781761e-4	6.732023393781761e-4	6.732023393781761e-4
BATF_MOUSE.H11MO.1.A	3.3660116968903253e-4	3.3660116968903253e-4	3.3660116968903253e-4	3.3660116968903253e-4	3.3660116968903253e-4	3.3660116968903253e-4
BCL6_MOUSE.H11MO.0.A	4.2075146211129066e-4	4.2075146211129066e-4	4.2075146211129066e-4	4.2075146211129066e-4	4.2075146211129066e-4	4.2075146211129066e-4
BHA15_MOUSE.H11MO.0.A	1.6830058484451627e-4	1.6830058484451627e-4	1.6830058484451627e-4	1.6830058484451627e-4	1.6830058484451627e-4	1.6830058484451627e-4
BHE40_MOUSE.H11MO.0.A	3.3660116968906584e-3	3.3660116968906584e-3	3.3660116968906584e-3	3.3660116968906584e-3	3.3660116968906584e-3	3.3660116968906584e-3
BHE41_MOUSE.H11MO.0.D	3.786763159001616e-4	3.786763159001616e-4	3.786763159001616e-4	3.786763159001616e-4	3.786763159001616e-4	3.786763159001616e-4
BMAL1_MOUSE.H11MO.0.A	1.304329532545112e-3	1.304329532545112e-3	1.304329532545112e-3	1.304329532545112e-3	1.304329532545112e-3	1.304329532545112e-3
BRAC_MOUSE.H11MO.0.B	1.4305549711784993e-3	1.4305549711784993e-3	1.4305549711784993e-3	1.4305549711784993e-3	1.4305549711784993e-3	1.4305549711784993e-3
BRAC_MOUSE.H11MO.1.C	1.89338157950103e-3	1.89338157950103e-3	1.89338157950103e-3	1.89338157950103e-3	1.89338157950103e-3	1.89338157950103e-3
BRCA1_MOUSE.H11MO.0.D	4.922792106702545e-3	4.922792106702545e-3	4.922792106702545e-3	4.922792106702545e-3	4.922792106702545e-3	4.922792106702545e-3
CDC5L_MOUSE.H11MO.0.D	1.973324357302142e-2	1.973324357302142e-2	1.973324357302142e-2	1.973324357302142e-2	1.973324357302142e-2	1.973324357302142e-2
CDX1_MOUSE.H11MO.0.C	1.0897462868683427e-2	1.0897462868683427e-2	1.0897462868683427e-2	1.0897462868683427e-2	1.0897462868683427e-2	1.0897462868683427e-2
CDX2_MOUSE.H11MO.0.A	4.333740059746738e-3	4.333740059746738e-3	4.333740059746738e-3	4.333740059746738e-3	4.333740059746738e-3	4.333740059746738e-3
CDX4_MOUSE.H11MO.0.A	8.835780704337992e-3	8.835780704337992e-3	8.835780704337992e-3	8.835780704337992e-3	8.835780704337992e-3	8.835780704337992e-3
CEBPA_MOUSE.H11MO.0.A	4.333740059746738e-3	4.333740059746738e-3	4.333740059746738e-3	4.333740059746738e-3	4.333740059746738e-3	4.333740059746738e-3
CEBPB_MOUSE.H11MO.0.A	4.586190937013512e-3	4.586190937013512e-3	4.586190937013512e-3	4.586190937013512e-3	4.586190937013512e-3	4.586190937013512e-3
CEBPD_MOUSE.H11MO.0.B	4.502040644591254e-3	4.502040644591254e-3	4.502040644591254e-3	4.502040644591254e-3	4.502040644591254e-3	4.502040644591254e-3
CEBPE_MOUSE.H11MO.0.A	1.0897462868683427e-2	1.0897462868683427e-2	1.0897462868683427e-2	1.0897462868683427e-2	1.0897462868683427e-2	1.0897462868683427e-2
CEBPG_MOUSE.H11MO.0.B	4.165439474902222e-3	4.165439474902222e-3	4.165439474902222e-3	4.165439474902222e-3	4.165439474902222e-3	4.165439474902222e-3
CEBPZ_MOUSE.H11MO.0.D	0.0	0.0	0.0	0.0	0.0	0.0
CLOCK_MOUSE.H11MO.0.C	1.4305549711784993e-3	1.4305549711784993e-3	1.4305549711784993e-3	1.4305549711784993e-3	1.4305549711784993e-3	1.4305549711784993e-3
COE1_MOUSE.H11MO.0.A	8.415029242225813e-5	8.415029242225813e-5	8.415029242225813e-5	8.415029242225813e-5	8.415029242225813e-5	8.415029242225813e-5
COT1_MOUSE.H11MO.0.B	5.89052046955918e-4	5.89052046955918e-4	5.89052046955918e-4	5.89052046955918e-4	5.89052046955918e-4	5.89052046955918e-4
COT1_MOUSE.H11MO.1.C	4.2075146211129066e-4	4.2075146211129066e-4	4.2075146211129066e-4	4.2075146211129066e-4	4.2075146211129066e-4	4.2075146211129066e-4
COT2_MOUSE.H11MO.0.A	2.9452602347790346e-4	2.9452602347790346e-4	2.9452602347790346e-4	2.9452602347790346e-4	2.9452602347790346e-4	2.9452602347790346e-4
COT2_MOUSE.H11MO.1.B	3.3660116968903253e-4	3.3660116968903253e-4	3.3660116968903253e-4	3.3660116968903253e-4	3.3660116968903253e-4	3.3660116968903253e-4
COT2_MOUSE.H11MO.2.B	2.1037573105564533e-4	2.1037573105564533e-4	2.1037573105564533e-4	2.1037573105564533e-4	2.1037573105564533e-4	2.1037573105564533e-4
CREB1_MOUSE.H11MO.0.A	2.1037573105564533e-4	2.1037573105564533e-4	2.1037573105564533e-4	2.1037573105564533e-4	2.1037573105564533e-4	2.1037573105564533e-4
CREM_MOUSE.H11MO.0.C	3.786763159001616e-4	3.786763159001616e-4	3.786763159001616e-4	3.786763159001616e-4	3.786763159001616e-4	3.786763159001616e-4
CRX_MOUSE.H11MO.0.A	4.291664913535609e-3	4.291664913535609e-3	4.291664913535609e-3	4.291664913535609e-3	4.291664913535609e-3	4.291664913535609e-3
CTCF_MOUSE.H11MO.0.A	0.0	0.0	0.0	0.0	0.0	0.0
CTCFL_MOUSE.H11MO.0.A	0.0	0.0	0.0	0.0	0.0	0.0
CUX1_MOUSE.H11MO.0.C	5.469769007447334e-3	5.469769007447334e-3	5.469769007447334e-3	5.469769007447334e-3	5.469769007447334e-3	5.469769007447334e-3
CUX2_MOUSE.H11MO.0.C	1.2454243278495425e-2	1.2454243278495425e-2	1.2454243278495425e-2	1.2454243278495425e-2	1.2454243278495425e-2	1.2454243278495425e-2
CXXC1_MOUSE.H11MO.0.D	3.3239365506795293e-3	3.3239365506795293e-3	3.3239365506795293e-3	3.3239365506795293e-3	3.3239365506795293e-3	3.3239365506795293e-3
DBP_MOUSE.H11MO.0.B	5.553919299869592e-3	5.553919299869592e-3	5.553919299869592e-3	5.553919299869592e-3	5.553919299869592e-3	5.553919299869592e-3
DDIT3_MOUSE.H11MO.0.C	3.74468801279082e-3	3.74468801279082e-3	3.74468801279082e-3	3.74468801279082e-3	3.74468801279082e-3	3.74468801279082e-3
DLX2_MOUSE.H11MO.0.D	8.120503218748687e-3	8.120503218748687e-3	8.120503218748687e-3	8.120503218748687e-3	8.120503218748687e-3	8.120503218748687e-3
DLX3_MOUSE.H11MO.0.C	6.942399124836962e-3	6.942399124836962e-3	6.942399124836962e-3	6.942399124836962e-3	6.942399124836962e-3	6.942399124836962e-3
DLX5_MOUSE.H11MO.0.C	9.424832751293799e-3	9.424832751293799e-3	9.424832751293799e-3	9.424832751293799e-3	9.424832751293799e-3	9.424832751293799e-3
DMRT1_MOUSE.H11MO.0.C	2.8611099423569986e-3	2.8611099423569986e-3	2.8611099423569986e-3	2.8611099423569986e-3	2.8611099423569986e-3	2.8611099423569986e-3
DMRTB_MOUSE.H11MO.0.C	3.5343122817351746e-3	3.5343122817351746e-3	3.5343122817351746e-3	3.5343122817351746e-3	3.5343122817351746e-3	3.5343122817351746e-3
E2F1_MOUSE.H11MO.0.A	0.0	0.0	0.0	0.0	0.0	0.0
E2F2_MOUSE.H11MO.0.B	1.89338157950103e-3	1.89338157950103e-3	1.89338157950103e-3	1.89338157950103e-3	1.89338157950103e-3	1.89338157950103e-3
E2F3_MOUSE.H11MO.0.A	2.1037573105564533e-4	2.1037573105564533e-4	2.1037573105564533e-4	2.1037573105564533e-4	2.1037573105564533e-4	2.1037573105564533e-4
E2F4_MOUSE.H11MO.0.A	0.0	0.0	0.0	0.0	0.0	0.0
E2F4_MOUSE.H11MO.1.A	4.2075146211129066e-4	4.2075146211129066e-4	4.2075146211129066e-4	4.2075146211129066e-4	4.2075146211129066e-4	4.2075146211129066e-4
E2F5_MOUSE.H11MO.0.B	4.544115790802383e-3	4.544115790802383e-3	4.544115790802383e-3	4.544115790802383e-3	4.544115790802383e-3	4.544115790802383e-3
E2F6_MOUSE.H11MO.0.A	1.6830058484451627e-4	1.6830058484451627e-4	1.6830058484451627e-4	1.6830058484451627e-4	1.6830058484451627e-4	1.6830058484451627e-4
E2F7_MOUSE.H11MO.0.C	0.0	0.0	0.0	0.0	0.0	0.0
E4F1_MOUSE.H11MO.0.D	2.524508772667744e-4	2.524508772667744e-4	2.524508772667744e-4	2.524508772667744e-4	2.524508772667744e-4	2.524508772667744e-4
EGR1_MOUSE.H11MO.0.A	0.0	0.0	0.0	0.0	0.0	0.0
EGR2_MOUSE.H11MO.0.A	0.0	0.0	0.0	0.0	0.0	0.0
EGR2_MOUSE.H11MO.1.A	0.0	0.0	0.0	0.0	0.0	0.0
EGR3_MOUSE.H11MO.0.D	1.262254386333983e-3	1.262254386333983e-3	1.262254386333983e-3	1.262254386333983e-3	1.262254386333983e-3	1.262254386333983e-3
EGR4_MOUSE.H11MO.0.D	0.0	0.0	0.0	0.0	0.0	0.0
EHF_MOUSE.H11MO.0.B	0.0	0.0	0.0	0.0	0.0	0.0
ELF1_MOUSE.H11MO.0.A	0.0	0.0	0.0	0.0	0.0	0.0
ELF2_MOUSE.H11MO.0.C	4.2075146211129066e-5	4.2075146211129066e-5	4.2075146211129066e-5	4.2075146211129066e-5	4.2075146211129066e-5	4.2075146211129066e-5
ELF3_MOUSE.H11MO.0.B	0.0	0.0	0.0	0.0	0.0	0.0
ELF5_MOUSE.H11MO.0.A	0.0	0.0	0.0	0.0	0.0	0.0
ELK1_MOUSE.H11MO.0.B	0.0	0.0	0.0	0.0	0.0	0.0
ELK3_MOUSE.H11MO.0.D	2.1037573105564533e-4	2.1037573105564533e-4	2.1037573105564533e-4	2.1037573105564533e-4	2.1037573105564533e-4	2.1037573105564533e-4
ELK4_MOUSE.H11MO.0.B	0.0	0.0	0.0	0.0	0.0	0.0
EPAS1_MOUSE.H11MO.0.C	6.10089620061427e-3	6.10089620061427e-3	6.10089620061427e-3	6.10089620061427e-3	6.10089620061427e-3	6.10089620061427e-3
ERG_MOUSE.H11MO.0.A	0.0	0.0	0.0	0.0	0.0	0.0
ERR1_MOUSE.H11MO.0.A	1.6409307022341446e-3	1.6409307022341446e-3	1.6409307022341446e-3	1.6409307022341446e-3	1.6409307022341446e-3	1.6409307022341446e-3
ERR2_MOUSE.H11MO.0.A	1.5567804098118865e-3	1.5567804098118865e-3	1.5567804098118865e-3	1.5567804098118865e-3	1.5567804098118865e-3	1.5567804098118865e-3
ERR3_MOUSE.H11MO.0.C	1.220179240122854e-3	1.220179240122854e-3	1.220179240122854e-3	1.220179240122854e-3	1.220179240122854e-3	1.220179240122854e-3
ESR1_MOUSE.H11MO.0.A	3.786763159001616e-4	3.786763159001616e-4	3.786763159001616e-4	3.786763159001616e-4	3.786763159001616e-4	3.786763159001616e-4
ESR1_MOUSE.H11MO.1.A	5.89052046955918e-4	5.89052046955918e-4	5.89052046955918e-4	5.89052046955918e-4	5.89052046955918e-4	5.89052046955918e-4
ESR2_MOUSE.H11MO.0.A	3.3660116968903253e-4	3.3660116968903253e-4	3.3660116968903253e-4	3.3660116968903253e-4	3.3660116968903253e-4	3.3660116968903253e-4
ESR2_MOUSE.H11MO.1.A	3.3660116968903253e-4	3.3660116968903253e-4	3.3660116968903253e-4	3.3660116968903253e-4	3.3660116968903253e-4	3.3660116968903253e-4
ETS1_MOUSE.H11MO.0.A	0.0	0.0	0.0	0.0	0.0	0.0
ETS2_MOUSE.H11MO.0.A	4.2075146211129066e-5	4.2075146211129066e-5	4.2075146211129066e-5	4.2075146211129066e-5	4.2075146211129066e-5	4.2075146211129066e-5
ETV2_MOUSE.H11MO.0.A	0.0	0.0	0.0	0.0	0.0	0.0
ETV4_MOUSE.H11MO.0.B	4.2075146211129066e-5	4.2075146211129066e-5	4.2075146211129066e-5	4.2075146211129066e-5	4.2075146211129066e-5	4.2075146211129066e-5
ETV5_MOUSE.H11MO.0.D	0.0	0.0	0.0	0.0	0.0	0.0
ETV6_MOUSE.H11MO.0.C	4.2075146211129066e-5	4.2075146211129066e-5	4.2075146211129066e-5	4.2075146211129066e-5	4.2075146211129066e-5	4.2075146211129066e-5
EVI1_MOUSE.H11MO.0.B	3.2818614044684002e-3	3.2818614044684002e-3	3.2818614044684002e-3	3.2818614044684002e-3	3.2818614044684002e-3	3.2818614044684002e-3
EVX1_MOUSE.H11MO.0.C	8.162578364959816e-3	8.162578364959816e-3	8.162578364959816e-3	8.162578364959816e-3	8.162578364959816e-3	8.162578364959816e-3
EVX2_MOUSE.H11MO.0.A	3.997138890057594e-3	3.997138890057594e-3	3.997138890057594e-3	3.997138890057594e-3	3.997138890057594e-3	3.997138890057594e-3
FEV_MOUSE.H11MO.0.B	8.415029242225813e-5	8.415029242225813e-5	8.415029242225813e-5	8.415029242225813e-5	8.415029242225813e-5	8.415029242225813e-5
FLI1_MOUSE.H11MO.0.A	0.0	0.0	0.0	0.0	0.0	0.0
FLI1_MOUSE.H11MO.1.A	0.0	0.0	0.0	0.0	0.0	0.0
FOS_MOUSE.H11MO.0.A	4.2075146211129066e-5	4.2075146211129066e-5	4.2075146211129066e-5	4.2075146211129066e-5	4.2075146211129066e-5	4.2075146211129066e-5
FOSB_MOUSE.H11MO.0.A	4.2075146211129066e-5	4.2075146211129066e-5	4.2075146211129066e-5	4.2075146211129066e-5	4.2075146211129066e-5	4.2075146211129066e-5
FOSL1_MOUSE.H11MO.0.A	4.2075146211129066e-5	4.2075146211129066e-5	4.2075146211129066e-5	4.2075146211129066e-5	4.2075146211129066e-5	4.2075146211129066e-5
FOSL2_MOUSE.H11MO.0.A	4.2075146211129066e-5	4.2075146211129066e-5	4.2075146211129066e-5	4.2075146211129066e-5	4.2075146211129066e-5	4.2075146211129066e-5
FOXA1_MOUSE.H11MO.0.A	4.375815205957867e-3	4.375815205957867e-3	4.375815205957867e-3	4.375815205957867e-3	4.375815205957867e-3	4.375815205957867e-3
FOXA2_MOUSE.H11MO.0.A	4.459965498380125e-3	4.459965498380125e-3	4.459965498380125e-3	4.459965498380125e-3	4.459965498380125e-3	4.459965498380125e-3
FOXA3_MOUSE.H11MO.0.A	3.2818614044684002e-3	3.2818614044684002e-3	3.2818614044684002e-3	3.2818614044684002e-3	3.2818614044684002e-3	3.2818614044684002e-3
FOXC1_MOUSE.H11MO.0.C	5.217318130180448e-3	5.217318130180448e-3	5.217318130180448e-3	5.217318130180448e-3	5.217318130180448e-3	5.217318130180448e-3
FOXC2_MOUSE.H11MO.0.D	5.806370177136366e-3	5.806370177136366e-3	5.806370177136366e-3	5.806370177136366e-3	5.806370177136366e-3	5.806370177136366e-3
FOXD1_MOUSE.H11MO.0.D	5.091092691547061e-3	5.091092691547061e-3	5.091092691547061e-3	5.091092691547061e-3	5.091092691547061e-3	5.091092691547061e-3
FOXD3_MOUSE.H11MO.0.C	9.256532166449505e-4	9.256532166449505e-4	9.256532166449505e-4	9.256532166449505e-4	9.256532166449505e-4	9.256532166449505e-4
FOXF1_MOUSE.H11MO.0.D	4.7124163756468995e-3	4.7124163756468995e-3	4.7124163756468995e-3	4.7124163756468995e-3	4.7124163756468995e-3	4.7124163756468995e-3
FOXF2_MOUSE.H11MO.0.D	4.417890352168996e-3	4.417890352168996e-3	4.417890352168996e-3	4.417890352168996e-3	4.417890352168996e-3	4.417890352168996e-3
FOXI1_MOUSE.H11MO.0.B	4.2075146211129066e-5	4.2075146211129066e-5	4.2075146211129066e-5	4.2075146211129066e-5	4.2075146211129066e-5	4.2075146211129066e-5
FOXJ2_MOUSE.H11MO.0.C	3.071485673412755e-3	3.071485673412755e-3	3.071485673412755e-3	3.071485673412755e-3	3.071485673412755e-3	3.071485673412755e-3
FOXJ3_MOUSE.H11MO.0.A	5.217318130180448e-3	5.217318130180448e-3	5.217318130180448e-3	5.217318130180448e-3	5.217318130180448e-3	5.217318130180448e-3
FOXJ3_MOUSE.H11MO.1.B	4.838641814280287e-3	4.838641814280287e-3	4.838641814280287e-3	4.838641814280287e-3	4.838641814280287e-3	4.838641814280287e-3
FOXK1_MOUSE.H11MO.0.A	2.1037573105566754e-3	2.1037573105566754e-3	2.1037573105566754e-3	2.1037573105566754e-3	2.1037573105566754e-3	2.1037573105566754e-3
FOXL2_MOUSE.H11MO.0.C	5.049017545335932e-3	5.049017545335932e-3	5.049017545335932e-3	5.049017545335932e-3	5.049017545335932e-3	5.049017545335932e-3
FOXM1_MOUSE.H11MO.0.B	1.0518786552783377e-3	1.0518786552783377e-3	1.0518786552783377e-3	1.0518786552783377e-3	1.0518786552783377e-3	1.0518786552783377e-3
FOXO1_MOUSE.H11MO.0.A	2.0196070181344172e-3	2.0196070181344172e-3	2.0196070181344172e-3	2.0196070181344172e-3	2.0196070181344172e-3	2.0196070181344172e-3
FOXO3_MOUSE.H11MO.0.B	3.3660116968906584e-3	3.3660116968906584e-3	3.3660116968906584e-3	3.3660116968906584e-3	3.3660116968906584e-3	3.3660116968906584e-3
FOXO4_MOUSE.H11MO.0.C	3.3239365506795293e-3	3.3239365506795293e-3	3.3239365506795293e-3	3.3239365506795293e-3	3.3239365506795293e-3	3.3239365506795293e-3
FOXP2_MOUSE.H11MO.0.A	3.5763874279463037e-3	3.5763874279463037e-3	3.5763874279463037e-3	3.5763874279463037e-3	3.5763874279463037e-3	3.5763874279463037e-3
FOXP3_MOUSE.H11MO.0.D	4.7124163756468995e-3	4.7124163756468995e-3	4.7124163756468995e-3	4.7124163756468995e-3	4.7124163756468995e-3	4.7124163756468995e-3
FOXQ1_MOUSE.H11MO.0.C	6.984474271048091e-3	6.984474271048091e-3	6.984474271048091e-3	6.984474271048091e-3	6.984474271048091e-3	6.984474271048091e-3
FUBP1_MOUSE.H11MO.0.D	4.838641814280287e-3	4.838641814280287e-3	4.838641814280287e-3	4.838641814280287e-3	4.838641814280287e-3	4.838641814280287e-3
GABPA_MOUSE.H11MO.0.A	0.0	0.0	0.0	0.0	0.0	0.0
GATA1_MOUSE.H11MO.0.A	8.415029242226924e-4	8.415029242226924e-4	8.415029242226924e-4	8.415029242226924e-4	8.415029242226924e-4	8.415029242226924e-4
GATA1_MOUSE.H11MO.1.A	4.2075146211129066e-4	4.2075146211129066e-4	4.2075146211129066e-4	4.2075146211129066e-4	4.2075146211129066e-4	4.2075146211129066e-4
GATA2_MOUSE.H11MO.0.A	4.2075146211129066e-4	4.2075146211129066e-4	4.2075146211129066e-4	4.2075146211129066e-4	4.2075146211129066e-4	4.2075146211129066e-4
GATA3_MOUSE.H11MO.0.A	7.994277780115633e-4	7.994277780115633e-4	7.994277780115633e-4	7.994277780115633e-4	7.994277780115633e-4	7.994277780115633e-4
GATA4_MOUSE.H11MO.0.A	4.2075146211129066e-4	4.2075146211129066e-4	4.2075146211129066e-4	4.2075146211129066e-4	4.2075146211129066e-4	4.2075146211129066e-4
GATA5_MOUSE.H11MO.0.D	5.511844153658463e-3	5.511844153658463e-3	5.511844153658463e-3	5.511844153658463e-3	5.511844153658463e-3	5.511844153658463e-3
GATA6_MOUSE.H11MO.0.A	2.524508772667744e-4	2.524508772667744e-4	2.524508772667744e-4	2.524508772667744e-4	2.524508772667744e-4	2.524508772667744e-4
GCM1_MOUSE.H11MO.0.D	4.6703412294357705e-3	4.6703412294357705e-3	4.6703412294357705e-3	4.6703412294357705e-3	4.6703412294357705e-3	4.6703412294357705e-3
GCR_MOUSE.H11MO.0.A	1.4305549711784993e-3	1.4305549711784993e-3	1.4305549711784993e-3	1.4305549711784993e-3	1.4305549711784993e-3	1.4305549711784993e-3
GCR_MOUSE.H11MO.1.A	7.994277780115633e-4	7.994277780115633e-4	7.994277780115633e-4	7.994277780115633e-4	7.994277780115633e-4	7.994277780115633e-4
GFI1_MOUSE.H11MO.0.C	2.398283334034579e-3	2.398283334034579e-3	2.398283334034579e-3	2.398283334034579e-3	2.398283334034579e-3	2.398283334034579e-3
GFI1B_MOUSE.H11MO.0.A	1.4726301173896283e-3	1.4726301173896283e-3	1.4726301173896283e-3	1.4726301173896283e-3	1.4726301173896283e-3	1.4726301173896283e-3
GLI1_MOUSE.H11MO.0.C	9.256532166449505e-4	9.256532166449505e-4	9.256532166449505e-4	9.256532166449505e-4	9.256532166449505e-4	9.256532166449505e-4
GLI2_MOUSE.H11MO.0.D	2.3730382463079014e-2	2.3730382463079014e-2	2.3730382463079014e-2	2.3730382463079014e-2	2.3730382463079014e-2	2.3730382463079014e-2
GLI3_MOUSE.H11MO.0.D	5.469769007446779e-4	5.469769007446779e-4	5.469769007446779e-4	5.469769007446779e-4	5.469769007446779e-4	5.469769007446779e-4
GLIS3_MOUSE.H11MO.0.D	5.553919299869592e-3	5.553919299869592e-3	5.553919299869592e-3	5.553919299869592e-3	5.553919299869592e-3	5.553919299869592e-3
GRHL2_MOUSE.H11MO.0.A	8.835780704338214e-4	8.835780704338214e-4	8.835780704338214e-4	8.835780704338214e-4	8.835780704338214e-4	8.835780704338214e-4
HAND1_MOUSE.H11MO.0.C	2.524508772667744e-4	2.524508772667744e-4	2.524508772667744e-4	2.524508772667744e-4	2.524508772667744e-4	2.524508772667744e-4
HAND1_MOUSE.H11MO.1.C	0.0	0.0	0.0	0.0	0.0	0.0
HBP1_MOUSE.H11MO.0.D	5.764295030925237e-3	5.764295030925237e-3	5.764295030925237e-3	5.764295030925237e-3	5.764295030925237e-3	5.764295030925237e-3
HEN1_MOUSE.H11MO.0.C	1.6830058484451627e-4	1.6830058484451627e-4	1.6830058484451627e-4	1.6830058484451627e-4	1.6830058484451627e-4	1.6830058484451627e-4
HES1_MOUSE.H11MO.0.D	9.256532166449505e-4	9.256532166449505e-4	9.256532166449505e-4	9.256532166449505e-4	9.256532166449505e-4	9.256532166449505e-4
HESX1_MOUSE.H11MO.0.D	3.5763874279463037e-3	3.5763874279463037e-3	3.5763874279463037e-3	3.5763874279463037e-3	3.5763874279463037e-3	3.5763874279463037e-3
HEY2_MOUSE.H11MO.0.D	2.1037573105564533e-4	2.1037573105564533e-4	2.1037573105564533e-4	2.1037573105564533e-4	2.1037573105564533e-4	2.1037573105564533e-4
HIC1_MOUSE.H11MO.0.C	2.524508772667966e-3	2.524508772667966e-3	2.524508772667966e-3	2.524508772667966e-3	2.524508772667966e-3	2.524508772667966e-3
HIF1A_MOUSE.H11MO.0.C	3.702612866579691e-3	3.702612866579691e-3	3.702612866579691e-3	3.702612866579691e-3	3.702612866579691e-3	3.702612866579691e-3
HINFP_MOUSE.H11MO.0.C	7.868052341481913e-3	7.868052341481913e-3	7.868052341481913e-3	7.868052341481913e-3	7.868052341481913e-3	7.868052341481913e-3
HLF_MOUSE.H11MO.0.C	5.427693861236205e-3	5.427693861236205e-3	5.427693861236205e-3	5.427693861236205e-3	5.427693861236205e-3	5.427693861236205e-3
HLTF_MOUSE.H11MO.0.D	9.256532166449505e-4	9.256532166449505e-4	9.256532166449505e-4	9.256532166449505e-4	9.256532166449505e-4	9.256532166449505e-4
HMGA1_MOUSE.H11MO.0.D	5.890520469558624e-3	5.890520469558624e-3	5.890520469558624e-3	5.890520469558624e-3	5.890520469558624e-3	5.890520469558624e-3
HMGA2_MOUSE.H11MO.0.D	7.62401649345732e-2	7.62401649345732e-2	7.62401649345732e-2	7.62401649345732e-2	7.62401649345732e-2	7.62401649345732e-2
HNF1A_MOUSE.H11MO.0.A	6.689948247570188e-3	6.689948247570188e-3	6.689948247570188e-3	6.689948247570188e-3	6.689948247570188e-3	6.689948247570188e-3
HNF1B_MOUSE.H11MO.0.A	7.405225733159382e-3	7.405225733159382e-3	7.405225733159382e-3	7.405225733159382e-3	7.405225733159382e-3	7.405225733159382e-3
HNF1B_MOUSE.H11MO.1.A	5.427693861236205e-3	5.427693861236205e-3	5.427693861236205e-3	5.427693861236205e-3	5.427693861236205e-3	5.427693861236205e-3
HNF4A_MOUSE.H11MO.0.A	3.3660116968903253e-4	3.3660116968903253e-4	3.3660116968903253e-4	3.3660116968903253e-4	3.3660116968903253e-4	3.3660116968903253e-4
HNF4G_MOUSE.H11MO.0.C	4.2075146211129066e-4	4.2075146211129066e-4	4.2075146211129066e-4	4.2075146211129066e-4	4.2075146211129066e-4	4.2075146211129066e-4
HNF6_MOUSE.H11MO.0.A	2.0364370766188467e-2	2.0364370766188467e-2	2.0364370766188467e-2	2.0364370766188467e-2	2.0364370766188467e-2	2.0364370766188467e-2
HSF1_MOUSE.H11MO.0.A	1.0939538014894667e-3	1.0939538014894667e-3	1.0939538014894667e-3	1.0939538014894667e-3	1.0939538014894667e-3	1.0939538014894667e-3
HSF1_MOUSE.H11MO.1.A	1.304329532545112e-3	1.304329532545112e-3	1.304329532545112e-3	1.304329532545112e-3	1.304329532545112e-3	1.304329532545112e-3
HSF2_MOUSE.H11MO.0.A	4.922792106702545e-3	4.922792106702545e-3	4.922792106702545e-3	4.922792106702545e-3	4.922792106702545e-3	4.922792106702545e-3
HTF4_MOUSE.H11MO.0.A	2.1037573105564533e-4	2.1037573105564533e-4	2.1037573105564533e-4	2.1037573105564533e-4	2.1037573105564533e-4	2.1037573105564533e-4
HXA10_MOUSE.H11MO.0.C	1.1781040939117249e-2	1.1781040939117249e-2	1.1781040939117249e-2	1.1781040939117249e-2	1.1781040939117249e-2	1.1781040939117249e-2
HXA13_MOUSE.H11MO.0.C	2.524508772667966e-3	2.524508772667966e-3	2.524508772667966e-3	2.524508772667966e-3	2.524508772667966e-3	2.524508772667966e-3
HXA1_MOUSE.H11MO.0.C	3.997138890057594e-3	3.997138890057594e-3	3.997138890057594e-3	3.997138890057594e-3	3.997138890057594e-3	3.997138890057594e-3
HXA5_MOUSE.H11MO.0.D	3.0378255564438073e-2	3.0378255564438073e-2	3.0378255564438073e-2	3.0378255564438073e-2	3.0378255564438073e-2	3.0378255564438073e-2
HXA7_MOUSE.H11MO.0.D	6.142971346825399e-3	6.142971346825399e-3	6.142971346825399e-3	6.142971346825399e-3	6.142971346825399e-3	6.142971346825399e-3
HXA9_MOUSE.H11MO.0.B	6.142971346825399e-3	6.142971346825399e-3	6.142971346825399e-3	6.142971346825399e-3	6.142971346825399e-3	6.142971346825399e-3
HXB1_MOUSE.H11MO.0.D	7.7839020490596544e-3	7.7839020490596544e-3	7.7839020490596544e-3	7.7839020490596544e-3	7.7839020490596544e-3	7.7839020490596544e-3
HXB4_MOUSE.H11MO.0.A	7.2369251483148656e-3	7.2369251483148656e-3	7.2369251483148656e-3	7.2369251483148656e-3	7.2369251483148656e-3	7.2369251483148656e-3
HXB6_MOUSE.H11MO.0.D	8.751630411915734e-3	8.751630411915734e-3	8.751630411915734e-3	8.751630411915734e-3	8.751630411915734e-3	8.751630411915734e-3
HXB7_MOUSE.H11MO.0.C	8.204653511170945e-3	8.204653511170945e-3	8.204653511170945e-3	8.204653511170945e-3	8.204653511170945e-3	8.204653511170945e-3
HXB8_MOUSE.H11MO.0.C	3.84146084907645e-2	3.84146084907645e-2	3.84146084907645e-2	3.84146084907645e-2	3.84146084907645e-2	3.84146084907645e-2
HXC6_MOUSE.H11MO.0.D	8.166785879580929e-2	8.166785879580929e-2	8.166785879580929e-2	8.166785879580929e-2	8.166785879580929e-2	8.166785879580929e-2
HXC8_MOUSE.H11MO.0.D	1.1528590061850474e-2	1.1528590061850474e-2	1.1528590061850474e-2	1.1528590061850474e-2	1.1528590061850474e-2	1.1528590061850474e-2
HXD10_MOUSE.H11MO.0.D	6.311271931669915e-3	6.311271931669915e-3	6.311271931669915e-3	6.311271931669915e-3	6.311271931669915e-3	6.311271931669915e-3
HXD13_MOUSE.H11MO.0.D	3.786763159001949e-3	3.786763159001949e-3	3.786763159001949e-3	3.786763159001949e-3	3.786763159001949e-3	3.786763159001949e-3
HXD4_MOUSE.H11MO.0.D	8.709555265704494e-3	8.709555265704494e-3	8.709555265704494e-3	8.709555265704494e-3	8.709555265704494e-3	8.709555265704494e-3
HXD9_MOUSE.H11MO.0.D	5.806370177136366e-3	5.806370177136366e-3	5.806370177136366e-3	5.806370177136366e-3	5.806370177136366e-3	5.806370177136366e-3
IKZF1_MOUSE.H11MO.0.C	6.732023393781761e-4	6.732023393781761e-4	6.732023393781761e-4	6.732023393781761e-4	6.732023393781761e-4	6.732023393781761e-4
INSM1_MOUSE.H11MO.0.C	1.4305549711784993e-3	1.4305549711784993e-3	1.4305549711784993e-3	1.4305549711784993e-3	1.4305549711784993e-3	1.4305549711784993e-3
IRF1_MOUSE.H11MO.0.A	4.2075146211129066e-4	4.2075146211129066e-4	4.2075146211129066e-4	4.2075146211129066e-4	4.2075146211129066e-4	4.2075146211129066e-4
IRF2_MOUSE.H11MO.0.B	5.049017545335488e-4	5.049017545335488e-4	5.049017545335488e-4	5.049017545335488e-4	5.049017545335488e-4	5.049017545335488e-4
IRF3_MOUSE.H11MO.0.A	4.2075146211129066e-5	4.2075146211129066e-5	4.2075146211129066e-5	4.2075146211129066e-5	4.2075146211129066e-5	4.2075146211129066e-5
IRF4_MOUSE.H11MO.0.A	2.1037573105564533e-4	2.1037573105564533e-4	2.1037573105564533e-4	2.1037573105564533e-4	2.1037573105564533e-4	2.1037573105564533e-4
IRF5_MOUSE.H11MO.0.D	8.036352926326429e-3	8.036352926326429e-3	8.036352926326429e-3	8.036352926326429e-3	8.036352926326429e-3	8.036352926326429e-3
IRF7_MOUSE.H11MO.0.C	3.3660116968906584e-3	3.3660116968906584e-3	3.3660116968906584e-3	3.3660116968906584e-3	3.3660116968906584e-3	3.3660116968906584e-3
IRF8_MOUSE.H11MO.0.A	2.1037573105564533e-4	2.1037573105564533e-4	2.1037573105564533e-4	2.1037573105564533e-4	2.1037573105564533e-4	2.1037573105564533e-4
IRF9_MOUSE.H11MO.0.C	0.2293516219968864	0.2293516219968864	0.2293516219968864	0.2293516219968864	0.2293516219968864	0.2293516219968864
ISL1_MOUSE.H11MO.0.A	5.806370177136366e-3	5.806370177136366e-3	5.806370177136366e-3	5.806370177136366e-3	5.806370177136366e-3	5.806370177136366e-3
ITF2_MOUSE.H11MO.0.B	7.573526318004342e-4	7.573526318004342e-4	7.573526318004342e-4	7.573526318004342e-4	7.573526318004342e-4	7.573526318004342e-4
JUN_MOUSE.H11MO.0.A	4.2075146211129066e-5	4.2075146211129066e-5	4.2075146211129066e-5	4.2075146211129066e-5	4.2075146211129066e-5	4.2075146211129066e-5
JUNB_MOUSE.H11MO.0.A	4.2075146211129066e-5	4.2075146211129066e-5	4.2075146211129066e-5	4.2075146211129066e-5	4.2075146211129066e-5	4.2075146211129066e-5
JUND_MOUSE.H11MO.0.A	4.2075146211129066e-5	4.2075146211129066e-5	4.2075146211129066e-5	4.2075146211129066e-5	4.2075146211129066e-5	4.2075146211129066e-5
KAISO_MOUSE.H11MO.0.B	4.2075146211129066e-4	4.2075146211129066e-4	4.2075146211129066e-4	4.2075146211129066e-4	4.2075146211129066e-4	4.2075146211129066e-4
KAISO_MOUSE.H11MO.1.B	1.0098035090672086e-3	1.0098035090672086e-3	1.0098035090672086e-3	1.0098035090672086e-3	1.0098035090672086e-3	1.0098035090672086e-3
KAISO_MOUSE.H11MO.2.B	1.851306433289901e-3	1.851306433289901e-3	1.851306433289901e-3	1.851306433289901e-3	1.851306433289901e-3	1.851306433289901e-3
KLF15_MOUSE.H11MO.0.A	0.0	0.0	0.0	0.0	0.0	0.0
KLF1_MOUSE.H11MO.0.A	0.0	0.0	0.0	0.0	0.0	0.0
KLF3_MOUSE.H11MO.0.A	0.0	0.0	0.0	0.0	0.0	0.0
KLF4_MOUSE.H11MO.0.A	0.0	0.0	0.0	0.0	0.0	0.0
KLF5_MOUSE.H11MO.0.A	0.0	0.0	0.0	0.0	0.0	0.0
KLF6_MOUSE.H11MO.0.B	0.0	0.0	0.0	0.0	0.0	0.0
KLF8_MOUSE.H11MO.0.C	3.3660116968903253e-4	3.3660116968903253e-4	3.3660116968903253e-4	3.3660116968903253e-4	3.3660116968903253e-4	3.3660116968903253e-4
LEF1_MOUSE.H11MO.0.B	5.049017545335488e-4	5.049017545335488e-4	5.049017545335488e-4	5.049017545335488e-4	5.049017545335488e-4	5.049017545335488e-4
LHX2_MOUSE.H11MO.0.A	6.984474271048091e-3	6.984474271048091e-3	6.984474271048091e-3	6.984474271048091e-3	6.984474271048091e-3	6.984474271048091e-3
LHX3_MOUSE.H11MO.0.C	8.625404973282236e-3	8.625404973282236e-3	8.625404973282236e-3	8.625404973282236e-3	8.625404973282236e-3	8.625404973282236e-3
LHX6_MOUSE.H11MO.0.C	1.220179240122854e-3	1.220179240122854e-3	1.220179240122854e-3	1.220179240122854e-3	1.220179240122854e-3	1.220179240122854e-3
LYL1_MOUSE.H11MO.0.A	8.415029242225813e-5	8.415029242225813e-5	8.415029242225813e-5	8.415029242225813e-5	8.415029242225813e-5	8.415029242225813e-5
MAF_MOUSE.H11MO.0.A	8.835780704338214e-4	8.835780704338214e-4	8.835780704338214e-4	8.835780704338214e-4	8.835780704338214e-4	8.835780704338214e-4
MAF_MOUSE.H11MO.1.A	3.3660116968903253e-4	3.3660116968903253e-4	3.3660116968903253e-4	3.3660116968903253e-4	3.3660116968903253e-4	3.3660116968903253e-4
MAFA_MOUSE.H11MO.0.D	3.3660116968903253e-4	3.3660116968903253e-4	3.3660116968903253e-4	3.3660116968903253e-4	3.3660116968903253e-4	3.3660116968903253e-4
MAFB_MOUSE.H11MO.0.B	7.573526318004342e-4	7.573526318004342e-4	7.573526318004342e-4	7.573526318004342e-4	7.573526318004342e-4	7.573526318004342e-4
MAFF_MOUSE.H11MO.0.A	5.89052046955918e-4	5.89052046955918e-4	5.89052046955918e-4	5.89052046955918e-4	5.89052046955918e-4	5.89052046955918e-4
MAFF_MOUSE.H11MO.1.A	2.524508772667744e-4	2.524508772667744e-4	2.524508772667744e-4	2.524508772667744e-4	2.524508772667744e-4	2.524508772667744e-4
MAFG_MOUSE.H11MO.0.A	7.573526318004342e-4	7.573526318004342e-4	7.573526318004342e-4	7.573526318004342e-4	7.573526318004342e-4	7.573526318004342e-4
MAFG_MOUSE.H11MO.1.A	2.524508772667744e-4	2.524508772667744e-4	2.524508772667744e-4	2.524508772667744e-4	2.524508772667744e-4	2.524508772667744e-4
MAFK_MOUSE.H11MO.0.A	3.786763159001616e-4	3.786763159001616e-4	3.786763159001616e-4	3.786763159001616e-4	3.786763159001616e-4	3.786763159001616e-4
MAFK_MOUSE.H11MO.1.A	2.1037573105564533e-4	2.1037573105564533e-4	2.1037573105564533e-4	2.1037573105564533e-4	2.1037573105564533e-4	2.1037573105564533e-4
MAX_MOUSE.H11MO.0.A	1.89338157950103e-3	1.89338157950103e-3	1.89338157950103e-3	1.89338157950103e-3	1.89338157950103e-3	1.89338157950103e-3
MAZ_MOUSE.H11MO.0.A	0.0	0.0	0.0	0.0	0.0	0.0
MAZ_MOUSE.H11MO.1.A	0.0	0.0	0.0	0.0	0.0	0.0
MBD2_MOUSE.H11MO.0.B	2.1037573105564533e-4	2.1037573105564533e-4	2.1037573105564533e-4	2.1037573105564533e-4	2.1037573105564533e-4	2.1037573105564533e-4
MCR_MOUSE.H11MO.0.D	2.398283334034579e-3	2.398283334034579e-3	2.398283334034579e-3	2.398283334034579e-3	2.398283334034579e-3	2.398283334034579e-3
MECP2_MOUSE.H11MO.0.C	2.1037573105564533e-4	2.1037573105564533e-4	2.1037573105564533e-4	2.1037573105564533e-4	2.1037573105564533e-4	2.1037573105564533e-4
MEF2A_MOUSE.H11MO.0.A	4.796566668069158e-3	4.796566668069158e-3	4.796566668069158e-3	4.796566668069158e-3	4.796566668069158e-3	4.796566668069158e-3
MEF2C_MOUSE.H11MO.0.A	4.586190937013512e-3	4.586190937013512e-3	4.586190937013512e-3	4.586190937013512e-3	4.586190937013512e-3	4.586190937013512e-3
MEF2D_MOUSE.H11MO.0.A	4.796566668069158e-3	4.796566668069158e-3	4.796566668069158e-3	4.796566668069158e-3	4.796566668069158e-3	4.796566668069158e-3
MEIS1_MOUSE.H11MO.0.A	1.0687087137627782e-2	1.0687087137627782e-2	1.0687087137627782e-2	1.0687087137627782e-2	1.0687087137627782e-2	1.0687087137627782e-2
MEIS1_MOUSE.H11MO.1.A	7.573526318004342e-4	7.573526318004342e-4	7.573526318004342e-4	7.573526318004342e-4	7.573526318004342e-4	7.573526318004342e-4
MEIS2_MOUSE.H11MO.0.B	1.262254386333983e-3	1.262254386333983e-3	1.262254386333983e-3	1.262254386333983e-3	1.262254386333983e-3	1.262254386333983e-3
MITF_MOUSE.H11MO.0.A	4.2075146211129066e-4	4.2075146211129066e-4	4.2075146211129066e-4	4.2075146211129066e-4	4.2075146211129066e-4	4.2075146211129066e-4
MLXPL_MOUSE.H11MO.0.D	1.4305549711784993e-3	1.4305549711784993e-3	1.4305549711784993e-3	1.4305549711784993e-3	1.4305549711784993e-3	1.4305549711784993e-3
MSGN1_MOUSE.H11MO.0.C	1.0518786552783377e-3	1.0518786552783377e-3	1.0518786552783377e-3	1.0518786552783377e-3	1.0518786552783377e-3	1.0518786552783377e-3
MSX2_MOUSE.H11MO.0.D	1.0098035090671975e-2	1.0098035090671975e-2	1.0098035090671975e-2	1.0098035090671975e-2	1.0098035090671975e-2	1.0098035090671975e-2
MSX3_MOUSE.H11MO.0.D	1.0518786552783266e-2	1.0518786552783266e-2	1.0518786552783266e-2	1.0518786552783266e-2	1.0518786552783266e-2	1.0518786552783266e-2
MTF1_MOUSE.H11MO.0.C	1.4305549711784993e-3	1.4305549711784993e-3	1.4305549711784993e-3	1.4305549711784993e-3	1.4305549711784993e-3	1.4305549711784993e-3
MXI1_MOUSE.H11MO.0.A	7.994277780115633e-4	7.994277780115633e-4	7.994277780115633e-4	7.994277780115633e-4	7.994277780115633e-4	7.994277780115633e-4
MXI1_MOUSE.H11MO.1.A	4.628266083224641e-3	4.628266083224641e-3	4.628266083224641e-3	4.628266083224641e-3	4.628266083224641e-3	4.628266083224641e-3
MYB_MOUSE.H11MO.0.A	2.8190347961458695e-3	2.8190347961458695e-3	2.8190347961458695e-3	2.8190347961458695e-3	2.8190347961458695e-3	2.8190347961458695e-3
MYBA_MOUSE.H11MO.0.C	3.2818614044684002e-3	3.2818614044684002e-3	3.2818614044684002e-3	3.2818614044684002e-3	3.2818614044684002e-3	3.2818614044684002e-3
MYBB_MOUSE.H11MO.0.D	5.806370177136366e-3	5.806370177136366e-3	5.806370177136366e-3	5.806370177136366e-3	5.806370177136366e-3	5.806370177136366e-3
MYC_MOUSE.H11MO.0.A	9.256532166449505e-4	9.256532166449505e-4	9.256532166449505e-4	9.256532166449505e-4	9.256532166449505e-4	9.256532166449505e-4
MYCN_MOUSE.H11MO.0.A	1.0518786552783377e-3	1.0518786552783377e-3	1.0518786552783377e-3	1.0518786552783377e-3	1.0518786552783377e-3	1.0518786552783377e-3
MYF5_MOUSE.H11MO.0.D	2.524508772667744e-4	2.524508772667744e-4	2.524508772667744e-4	2.524508772667744e-4	2.524508772667744e-4	2.524508772667744e-4
MYF6_MOUSE.H11MO.0.C	0.0	0.0	0.0	0.0	0.0	0.0
MYOD1_MOUSE.H11MO.0.A	2.1037573105564533e-4	2.1037573105564533e-4	2.1037573105564533e-4	2.1037573105564533e-4	2.1037573105564533e-4	2.1037573105564533e-4
MYOD1_MOUSE.H11MO.1.A	2.1037573105564533e-4	2.1037573105564533e-4	2.1037573105564533e-4	2.1037573105564533e-4	2.1037573105564533e-4	2.1037573105564533e-4
MYOG_MOUSE.H11MO.0.A	2.1037573105564533e-4	2.1037573105564533e-4	2.1037573105564533e-4	2.1037573105564533e-4	2.1037573105564533e-4	2.1037573105564533e-4
NANOG_MOUSE.H11MO.0.A	3.3239365506795293e-3	3.3239365506795293e-3	3.3239365506795293e-3	3.3239365506795293e-3	3.3239365506795293e-3	3.3239365506795293e-3
NANOG_MOUSE.H11MO.1.A	4.123364328691093e-3	4.123364328691093e-3	4.123364328691093e-3	4.123364328691093e-3	4.123364328691093e-3	4.123364328691093e-3
NDF1_MOUSE.H11MO.0.A	6.732023393781761e-4	6.732023393781761e-4	6.732023393781761e-4	6.732023393781761e-4	6.732023393781761e-4	6.732023393781761e-4
NDF2_MOUSE.H11MO.0.A	3.3660116968903253e-4	3.3660116968903253e-4	3.3660116968903253e-4	3.3660116968903253e-4	3.3660116968903253e-4	3.3660116968903253e-4
NF2L1_MOUSE.H11MO.0.C	8.835780704338214e-4	8.835780704338214e-4	8.835780704338214e-4	8.835780704338214e-4	8.835780704338214e-4	8.835780704338214e-4
NF2L2_MOUSE.H11MO.0.A	3.3660116968903253e-4	3.3660116968903253e-4	3.3660116968903253e-4	3.3660116968903253e-4	3.3660116968903253e-4	3.3660116968903253e-4
NFAC1_MOUSE.H11MO.0.A	1.0518786552783377e-3	1.0518786552783377e-3	1.0518786552783377e-3	1.0518786552783377e-3	1.0518786552783377e-3	1.0518786552783377e-3
NFAC1_MOUSE.H11MO.1.A	1.4305549711784993e-3	1.4305549711784993e-3	1.4305549711784993e-3	1.4305549711784993e-3	1.4305549711784993e-3	1.4305549711784993e-3
NFAC2_MOUSE.H11MO.0.C	3.828838305213078e-3	3.828838305213078e-3	3.828838305213078e-3	3.828838305213078e-3	3.828838305213078e-3	3.828838305213078e-3
NFAC2_MOUSE.H11MO.1.C	1.1781040939117249e-3	1.1781040939117249e-3	1.1781040939117249e-3	1.1781040939117249e-3	1.1781040939117249e-3	1.1781040939117249e-3
NFAC3_MOUSE.H11MO.0.B	3.5763874279463037e-3	3.5763874279463037e-3	3.5763874279463037e-3	3.5763874279463037e-3	3.5763874279463037e-3	3.5763874279463037e-3
NFAC4_MOUSE.H11MO.0.C	3.702612866579691e-3	3.702612866579691e-3	3.702612866579691e-3	3.702612866579691e-3	3.702612866579691e-3	3.702612866579691e-3
NFAT5_MOUSE.H11MO.0.D	3.5763874279463037e-3	3.5763874279463037e-3	3.5763874279463037e-3	3.5763874279463037e-3	3.5763874279463037e-3	3.5763874279463037e-3
NFE2_MOUSE.H11MO.0.A	2.524508772667744e-4	2.524508772667744e-4	2.524508772667744e-4	2.524508772667744e-4	2.524508772667744e-4	2.524508772667744e-4
NFIA_MOUSE.H11MO.0.C	6.732023393781761e-4	6.732023393781761e-4	6.732023393781761e-4	6.732023393781761e-4	6.732023393781761e-4	6.732023393781761e-4
NFIA_MOUSE.H11MO.1.D	1.304329532545112e-3	1.304329532545112e-3	1.304329532545112e-3	1.304329532545112e-3	1.304329532545112e-3	1.304329532545112e-3
NFIB_MOUSE.H11MO.0.C	3.3660116968903253e-4	3.3660116968903253e-4	3.3660116968903253e-4	3.3660116968903253e-4	3.3660116968903253e-4	3.3660116968903253e-4
NFIC_MOUSE.H11MO.0.A	1.5567804098118865e-3	1.5567804098118865e-3	1.5567804098118865e-3	1.5567804098118865e-3	1.5567804098118865e-3	1.5567804098118865e-3
NFIC_MOUSE.H11MO.1.A	2.524508772667744e-4	2.524508772667744e-4	2.524508772667744e-4	2.524508772667744e-4	2.524508772667744e-4	2.524508772667744e-4
NFIL3_MOUSE.H11MO.0.C	6.185046493036528e-3	6.185046493036528e-3	6.185046493036528e-3	6.185046493036528e-3	6.185046493036528e-3	6.185046493036528e-3
NFKB1_MOUSE.H11MO.0.A	1.89338157950103e-3	1.89338157950103e-3	1.89338157950103e-3	1.89338157950103e-3	1.89338157950103e-3	1.89338157950103e-3
NFKB2_MOUSE.H11MO.0.C	1.851306433289901e-3	1.851306433289901e-3	1.851306433289901e-3	1.851306433289901e-3	1.851306433289901e-3	1.851306433289901e-3
NFYA_MOUSE.H11MO.0.A	0.0	0.0	0.0	0.0	0.0	0.0
NFYB_MOUSE.H11MO.0.A	0.0	0.0	0.0	0.0	0.0	0.0
NFYC_MOUSE.H11MO.0.B	0.0	0.0	0.0	0.0	0.0	0.0
NGN2_MOUSE.H11MO.0.C	3.3660116968903253e-4	3.3660116968903253e-4	3.3660116968903253e-4	3.3660116968903253e-4	3.3660116968903253e-4	3.3660116968903253e-4
NKX21_MOUSE.H11MO.0.A	2.440358480245708e-3	2.440358480245708e-3	2.440358480245708e-3	2.440358480245708e-3	2.440358480245708e-3	2.440358480245708e-3
NKX22_MOUSE.H11MO.0.A	1.0939538014894667e-3	1.0939538014894667e-3	1.0939538014894667e-3	1.0939538014894667e-3	1.0939538014894667e-3	1.0939538014894667e-3
NKX25_MOUSE.H11MO.0.A	2.398283334034579e-3	2.398283334034579e-3	2.398283334034579e-3	2.398283334034579e-3	2.398283334034579e-3	2.398283334034579e-3
NKX28_MOUSE.H11MO.0.C	1.0518786552783377e-3	1.0518786552783377e-3	1.0518786552783377e-3	1.0518786552783377e-3	1.0518786552783377e-3	1.0518786552783377e-3
NKX31_MOUSE.H11MO.0.C	5.680144738502979e-3	5.680144738502979e-3	5.680144738502979e-3	5.680144738502979e-3	5.680144738502979e-3	5.680144738502979e-3
NKX32_MOUSE.H11MO.0.B	1.1444439769428216e-2	1.1444439769428216e-2	1.1444439769428216e-2	1.1444439769428216e-2	1.1444439769428216e-2	1.1444439769428216e-2
NKX61_MOUSE.H11MO.0.A	5.469769007447334e-3	5.469769007447334e-3	5.469769007447334e-3	5.469769007447334e-3	5.469769007447334e-3	5.469769007447334e-3
NKX61_MOUSE.H11MO.1.A	1.2033491816384023e-2	1.2033491816384023e-2	1.2033491816384023e-2	1.2033491816384023e-2	1.2033491816384023e-2	1.2033491816384023e-2
NOBOX_MOUSE.H11MO.0.C	6.5637228089368005e-3	6.5637228089368005e-3	6.5637228089368005e-3	6.5637228089368005e-3	6.5637228089368005e-3	6.5637228089368005e-3
NR0B1_MOUSE.H11MO.0.D	1.0939538014894667e-3	1.0939538014894667e-3	1.0939538014894667e-3	1.0939538014894667e-3	1.0939538014894667e-3	1.0939538014894667e-3
NR1D1_MOUSE.H11MO.0.A	2.1037573105564533e-4	2.1037573105564533e-4	2.1037573105564533e-4	2.1037573105564533e-4	2.1037573105564533e-4	2.1037573105564533e-4
NR1D1_MOUSE.H11MO.1.C	2.1037573105566754e-3	2.1037573105566754e-3	2.1037573105566754e-3	2.1037573105566754e-3	2.1037573105566754e-3	2.1037573105566754e-3
NR1D2_MOUSE.H11MO.0.A	2.1037573105564533e-4	2.1037573105564533e-4	2.1037573105564533e-4	2.1037573105564533e-4	2.1037573105564533e-4	2.1037573105564533e-4
NR1H2_MOUSE.H11MO.0.D	7.825977195270784e-3	7.825977195270784e-3	7.825977195270784e-3	7.825977195270784e-3	7.825977195270784e-3	7.825977195270784e-3
NR1H3_MOUSE.H11MO.0.A	2.1037573105564533e-4	2.1037573105564533e-4	2.1037573105564533e-4	2.1037573105564533e-4	2.1037573105564533e-4	2.1037573105564533e-4
NR1H3_MOUSE.H11MO.1.A	3.3660116968903253e-4	3.3660116968903253e-4	3.3660116968903253e-4	3.3660116968903253e-4	3.3660116968903253e-4	3.3660116968903253e-4
NR1H3_MOUSE.H11MO.2.A	7.573526318004342e-4	7.573526318004342e-4	7.573526318004342e-4	7.573526318004342e-4	7.573526318004342e-4	7.573526318004342e-4
NR1H4_MOUSE.H11MO.0.A	2.1037573105564533e-4	2.1037573105564533e-4	2.1037573105564533e-4	2.1037573105564533e-4	2.1037573105564533e-4	2.1037573105564533e-4
NR1H4_MOUSE.H11MO.1.A	9.256532166449505e-4	9.256532166449505e-4	9.256532166449505e-4	9.256532166449505e-4	9.256532166449505e-4	9.256532166449505e-4
NR1I2_MOUSE.H11MO.0.C	2.1037573105566754e-3	2.1037573105566754e-3	2.1037573105566754e-3	2.1037573105566754e-3	2.1037573105566754e-3	2.1037573105566754e-3
NR1I2_MOUSE.H11MO.1.D	3.74468801279082e-3	3.74468801279082e-3	3.74468801279082e-3	3.74468801279082e-3	3.74468801279082e-3	3.74468801279082e-3
NR1I3_MOUSE.H11MO.0.C	1.0939538014894667e-3	1.0939538014894667e-3	1.0939538014894667e-3	1.0939538014894667e-3	1.0939538014894667e-3	1.0939538014894667e-3
NR1I3_MOUSE.H11MO.1.D	5.091092691547061e-3	5.091092691547061e-3	5.091092691547061e-3	5.091092691547061e-3	5.091092691547061e-3	5.091092691547061e-3
NR2C1_MOUSE.H11MO.0.C	4.2075146211129066e-4	4.2075146211129066e-4	4.2075146211129066e-4	4.2075146211129066e-4	4.2075146211129066e-4	4.2075146211129066e-4
NR2C2_MOUSE.H11MO.0.A	2.1037573105564533e-4	2.1037573105564533e-4	2.1037573105564533e-4	2.1037573105564533e-4	2.1037573105564533e-4	2.1037573105564533e-4
NR2E3_MOUSE.H11MO.0.C	1.5567804098118865e-3	1.5567804098118865e-3	1.5567804098118865e-3	1.5567804098118865e-3	1.5567804098118865e-3	1.5567804098118865e-3
NR2F6_MOUSE.H11MO.0.D	3.3660116968903253e-4	3.3660116968903253e-4	3.3660116968903253e-4	3.3660116968903253e-4	3.3660116968903253e-4	3.3660116968903253e-4
NR4A1_MOUSE.H11MO.0.B	2.1037573105566754e-3	2.1037573105566754e-3	2.1037573105566754e-3	2.1037573105566754e-3	2.1037573105566754e-3	2.1037573105566754e-3
NR4A2_MOUSE.H11MO.0.C	8.835780704338214e-4	8.835780704338214e-4	8.835780704338214e-4	8.835780704338214e-4	8.835780704338214e-4	8.835780704338214e-4
NR4A3_MOUSE.H11MO.0.D	1.0939538014894667e-3	1.0939538014894667e-3	1.0939538014894667e-3	1.0939538014894667e-3	1.0939538014894667e-3	1.0939538014894667e-3
NR5A2_MOUSE.H11MO.0.A	1.220179240122854e-3	1.220179240122854e-3	1.220179240122854e-3	1.220179240122854e-3	1.220179240122854e-3	1.220179240122854e-3
NR6A1_MOUSE.H11MO.0.D	1.851306433289901e-3	1.851306433289901e-3	1.851306433289901e-3	1.851306433289901e-3	1.851306433289901e-3	1.851306433289901e-3
NRF1_MOUSE.H11MO.0.A	0.0	0.0	0.0	0.0	0.0	0.0
OLIG2_MOUSE.H11MO.0.A	1.262254386333872e-4	1.262254386333872e-4	1.262254386333872e-4	1.262254386333872e-4	1.262254386333872e-4	1.262254386333872e-4
OLIG2_MOUSE.H11MO.1.A	3.3660116968903253e-4	3.3660116968903253e-4	3.3660116968903253e-4	3.3660116968903253e-4	3.3660116968903253e-4	3.3660116968903253e-4
ONEC2_MOUSE.H11MO.0.D	3.6984053519586e-2	3.6984053519586e-2	3.6984053519586e-2	3.6984053519586e-2	3.6984053519586e-2	3.6984053519586e-2
OTX1_MOUSE.H11MO.0.D	3.113560819623884e-3	3.113560819623884e-3	3.113560819623884e-3	3.113560819623884e-3	3.113560819623884e-3	3.113560819623884e-3
OTX2_MOUSE.H11MO.0.A	5.806370177136366e-3	5.806370177136366e-3	5.806370177136366e-3	5.806370177136366e-3	5.806370177136366e-3	5.806370177136366e-3
OVOL1_MOUSE.H11MO.0.C	6.479572516514542e-3	6.479572516514542e-3	6.479572516514542e-3	6.479572516514542e-3	6.479572516514542e-3	6.479572516514542e-3
OVOL2_MOUSE.H11MO.0.C	1.830268860184292e-2	1.830268860184292e-2	1.830268860184292e-2	1.830268860184292e-2	1.830268860184292e-2	1.830268860184292e-2
P53_MOUSE.H11MO.0.A	6.31127193167047e-4	6.31127193167047e-4	6.31127193167047e-4	6.31127193167047e-4	6.31127193167047e-4	6.31127193167047e-4
P53_MOUSE.H11MO.1.A	9.256532166449505e-4	9.256532166449505e-4	9.256532166449505e-4	9.256532166449505e-4	9.256532166449505e-4	9.256532166449505e-4
P63_MOUSE.H11MO.0.B	8.835780704338214e-4	8.835780704338214e-4	8.835780704338214e-4	8.835780704338214e-4	8.835780704338214e-4	8.835780704338214e-4
P63_MOUSE.H11MO.1.B	3.3660116968903253e-4	3.3660116968903253e-4	3.3660116968903253e-4	3.3660116968903253e-4	3.3660116968903253e-4	3.3660116968903253e-4
P73_MOUSE.H11MO.0.B	9.256532166449505e-4	9.256532166449505e-4	9.256532166449505e-4	9.256532166449505e-4	9.256532166449505e-4	9.256532166449505e-4
P73_MOUSE.H11MO.1.B	8.835780704338214e-4	8.835780704338214e-4	8.835780704338214e-4	8.835780704338214e-4	8.835780704338214e-4	8.835780704338214e-4
PAX2_MOUSE.H11MO.0.D	4.7124163756468995e-3	4.7124163756468995e-3	4.7124163756468995e-3	4.7124163756468995e-3	4.7124163756468995e-3	4.7124163756468995e-3
PAX3_MOUSE.H11MO.0.D	1.3211595910295748e-2	1.3211595910295748e-2	1.3211595910295748e-2	1.3211595910295748e-2	1.3211595910295748e-2	1.3211595910295748e-2
PAX5_MOUSE.H11MO.0.A	3.786763159001616e-4	3.786763159001616e-4	3.786763159001616e-4	3.786763159001616e-4	3.786763159001616e-4	3.786763159001616e-4
PAX6_MOUSE.H11MO.0.C	3.74468801279082e-3	3.74468801279082e-3	3.74468801279082e-3	3.74468801279082e-3	3.74468801279082e-3	3.74468801279082e-3
PAX8_MOUSE.H11MO.0.D	3.5763874279463037e-3	3.5763874279463037e-3	3.5763874279463037e-3	3.5763874279463037e-3	3.5763874279463037e-3	3.5763874279463037e-3
PBX1_MOUSE.H11MO.0.A	3.3660116968903253e-4	3.3660116968903253e-4	3.3660116968903253e-4	3.3660116968903253e-4	3.3660116968903253e-4	3.3660116968903253e-4
PBX1_MOUSE.H11MO.1.A	0.0	0.0	0.0	0.0	0.0	0.0
PBX1_MOUSE.H11MO.2.C	6.942399124836962e-3	6.942399124836962e-3	6.942399124836962e-3	6.942399124836962e-3	6.942399124836962e-3	6.942399124836962e-3
PBX2_MOUSE.H11MO.0.C	5.848445323347495e-3	5.848445323347495e-3	5.848445323347495e-3	5.848445323347495e-3	5.848445323347495e-3	5.848445323347495e-3
PBX3_MOUSE.H11MO.0.A	4.2075146211129066e-5	4.2075146211129066e-5	4.2075146211129066e-5	4.2075146211129066e-5	4.2075146211129066e-5	4.2075146211129066e-5
PDX1_MOUSE.H11MO.0.B	5.848445323347495e-3	5.848445323347495e-3	5.848445323347495e-3	5.848445323347495e-3	5.848445323347495e-3	5.848445323347495e-3
PEBB_MOUSE.H11MO.0.C	1.0518786552783377e-3	1.0518786552783377e-3	1.0518786552783377e-3	1.0518786552783377e-3	1.0518786552783377e-3	1.0518786552783377e-3
PIT1_MOUSE.H11MO.0.C	6.521647662725671e-3	6.521647662725671e-3	6.521647662725671e-3	6.521647662725671e-3	6.521647662725671e-3	6.521647662725671e-3
PITX1_MOUSE.H11MO.0.C	2.482433626456837e-3	2.482433626456837e-3	2.482433626456837e-3	2.482433626456837e-3	2.482433626456837e-3	2.482433626456837e-3
PITX2_MOUSE.H11MO.0.D	7.615601464215138e-3	7.615601464215138e-3	7.615601464215138e-3	7.615601464215138e-3	7.615601464215138e-3	7.615601464215138e-3
PKNX1_MOUSE.H11MO.0.A	2.9452602347790346e-4	2.9452602347790346e-4	2.9452602347790346e-4	2.9452602347790346e-4	2.9452602347790346e-4	2.9452602347790346e-4
PLAG1_MOUSE.H11MO.0.D	1.262254386333872e-4	1.262254386333872e-4	1.262254386333872e-4	1.262254386333872e-4	1.262254386333872e-4	1.262254386333872e-4
PO2F1_MOUSE.H11MO.0.C	4.7124163756468995e-3	4.7124163756468995e-3	4.7124163756468995e-3	4.7124163756468995e-3	4.7124163756468995e-3	4.7124163756468995e-3
PO2F2_MOUSE.H11MO.0.B	2.440358480245708e-3	2.440358480245708e-3	2.440358480245708e-3	2.440358480245708e-3	2.440358480245708e-3	2.440358480245708e-3
PO3F1_MOUSE.H11MO.0.C	4.796566668069158e-3	4.796566668069158e-3	4.796566668069158e-3	4.796566668069158e-3	4.796566668069158e-3	4.796566668069158e-3
PO3F2_MOUSE.H11MO.0.A	6.732023393781317e-3	6.732023393781317e-3	6.732023393781317e-3	6.732023393781317e-3	6.732023393781317e-3	6.732023393781317e-3
PO3F2_MOUSE.H11MO.1.A	5.469769007447334e-3	5.469769007447334e-3	5.469769007447334e-3	5.469769007447334e-3	5.469769007447334e-3	5.469769007447334e-3
PO4F2_MOUSE.H11MO.0.D	7.068624563470349e-3	7.068624563470349e-3	7.068624563470349e-3	7.068624563470349e-3	7.068624563470349e-3	7.068624563470349e-3
PO5F1_MOUSE.H11MO.0.A	4.502040644591254e-3	4.502040644591254e-3	4.502040644591254e-3	4.502040644591254e-3	4.502040644591254e-3	4.502040644591254e-3
PO5F1_MOUSE.H11MO.1.A	1.851306433289901e-3	1.851306433289901e-3	1.851306433289901e-3	1.851306433289901e-3	1.851306433289901e-3	1.851306433289901e-3
PO6F1_MOUSE.H11MO.0.D	0.34110321033365587	0.34110321033365587	0.34110321033365587	0.34110321033365587	0.34110321033365587	0.34110321033365587
PPARA_MOUSE.H11MO.0.A	2.1037573105564533e-4	2.1037573105564533e-4	2.1037573105564533e-4	2.1037573105564533e-4	2.1037573105564533e-4	2.1037573105564533e-4
PPARA_MOUSE.H11MO.1.A	2.9452602347790346e-4	2.9452602347790346e-4	2.9452602347790346e-4	2.9452602347790346e-4	2.9452602347790346e-4	2.9452602347790346e-4
PPARD_MOUSE.H11MO.0.D	3.3660116968903253e-4	3.3660116968903253e-4	3.3660116968903253e-4	3.3660116968903253e-4	3.3660116968903253e-4	3.3660116968903253e-4
PPARG_MOUSE.H11MO.0.A	2.1037573105564533e-4	2.1037573105564533e-4	2.1037573105564533e-4	2.1037573105564533e-4	2.1037573105564533e-4	2.1037573105564533e-4
PPARG_MOUSE.H11MO.1.A	2.524508772667744e-4	2.524508772667744e-4	2.524508772667744e-4	2.524508772667744e-4	2.524508772667744e-4	2.524508772667744e-4
PRD14_MOUSE.H11MO.0.A	2.3562081878234498e-3	2.3562081878234498e-3	2.3562081878234498e-3	2.3562081878234498e-3	2.3562081878234498e-3	2.3562081878234498e-3
PRD16_MOUSE.H11MO.0.B	0.0	0.0	0.0	0.0	0.0	0.0
PRDM1_MOUSE.H11MO.0.A	3.786763159001616e-4	3.786763159001616e-4	3.786763159001616e-4	3.786763159001616e-4	3.786763159001616e-4	3.786763159001616e-4
PRDM5_MOUSE.H11MO.0.A	2.1037573105564533e-4	2.1037573105564533e-4	2.1037573105564533e-4	2.1037573105564533e-4	2.1037573105564533e-4	2.1037573105564533e-4
PRDM5_MOUSE.H11MO.1.A	2.1037573105564533e-4	2.1037573105564533e-4	2.1037573105564533e-4	2.1037573105564533e-4	2.1037573105564533e-4	2.1037573105564533e-4
PRDM9_MOUSE.H11MO.0.C	2.9452602347790346e-4	2.9452602347790346e-4	2.9452602347790346e-4	2.9452602347790346e-4	2.9452602347790346e-4	2.9452602347790346e-4
PRGR_MOUSE.H11MO.0.A	1.5567804098118865e-3	1.5567804098118865e-3	1.5567804098118865e-3	1.5567804098118865e-3	1.5567804098118865e-3	1.5567804098118865e-3
PRGR_MOUSE.H11MO.1.A	2.524508772667744e-4	2.524508772667744e-4	2.524508772667744e-4	2.524508772667744e-4	2.524508772667744e-4	2.524508772667744e-4
PROP1_MOUSE.H11MO.0.C	9.38275760508267e-3	9.38275760508267e-3	9.38275760508267e-3	9.38275760508267e-3	9.38275760508267e-3	9.38275760508267e-3
PRRX1_MOUSE.H11MO.0.D	3.997138890057594e-3	3.997138890057594e-3	3.997138890057594e-3	3.997138890057594e-3	3.997138890057594e-3	3.997138890057594e-3
PRRX2_MOUSE.H11MO.0.C	7.531451171792769e-3	7.531451171792769e-3	7.531451171792769e-3	7.531451171792769e-3	7.531451171792769e-3	7.531451171792769e-3
PTF1A_MOUSE.H11MO.0.A	4.2075146211129066e-5	4.2075146211129066e-5	4.2075146211129066e-5	4.2075146211129066e-5	4.2075146211129066e-5	4.2075146211129066e-5
PTF1A_MOUSE.H11MO.1.A	1.262254386333872e-4	1.262254386333872e-4	1.262254386333872e-4	1.262254386333872e-4	1.262254386333872e-4	1.262254386333872e-4
PURA_MOUSE.H11MO.0.D	0.0	0.0	0.0	0.0	0.0	0.0
RARA_MOUSE.H11MO.0.A	4.2075146211129066e-4	4.2075146211129066e-4	4.2075146211129066e-4	4.2075146211129066e-4	4.2075146211129066e-4	4.2075146211129066e-4
RARA_MOUSE.H11MO.1.A	2.1037573105564533e-4	2.1037573105564533e-4	2.1037573105564533e-4	2.1037573105564533e-4	2.1037573105564533e-4	2.1037573105564533e-4
RARA_MOUSE.H11MO.2.A	9.256532166449505e-4	9.256532166449505e-4	9.256532166449505e-4	9.256532166449505e-4	9.256532166449505e-4	9.256532166449505e-4
RARA_MOUSE.H11MO.3.A	3.3660116968903253e-4	3.3660116968903253e-4	3.3660116968903253e-4	3.3660116968903253e-4	3.3660116968903253e-4	3.3660116968903253e-4
RARB_MOUSE.H11MO.0.D	4.2075146211129066e-4	4.2075146211129066e-4	4.2075146211129066e-4	4.2075146211129066e-4	4.2075146211129066e-4	4.2075146211129066e-4
RARG_MOUSE.H11MO.0.C	4.2075146211129066e-4	4.2075146211129066e-4	4.2075146211129066e-4	4.2075146211129066e-4	4.2075146211129066e-4	4.2075146211129066e-4
RARG_MOUSE.H11MO.1.C	2.9452602347790346e-4	2.9452602347790346e-4	2.9452602347790346e-4	2.9452602347790346e-4	2.9452602347790346e-4	2.9452602347790346e-4
REL_MOUSE.H11MO.0.A	9.256532166449505e-4	9.256532166449505e-4	9.256532166449505e-4	9.256532166449505e-4	9.256532166449505e-4	9.256532166449505e-4
RELB_MOUSE.H11MO.0.C	1.89338157950103e-3	1.89338157950103e-3	1.89338157950103e-3	1.89338157950103e-3	1.89338157950103e-3	1.89338157950103e-3
REST_MOUSE.H11MO.0.A	2.1037573105564533e-4	2.1037573105564533e-4	2.1037573105564533e-4	2.1037573105564533e-4	2.1037573105564533e-4	2.1037573105564533e-4
RFX1_MOUSE.H11MO.0.A	4.2075146211129066e-5	4.2075146211129066e-5	4.2075146211129066e-5	4.2075146211129066e-5	4.2075146211129066e-5	4.2075146211129066e-5
RFX1_MOUSE.H11MO.1.A	9.256532166449505e-4	9.256532166449505e-4	9.256532166449505e-4	9.256532166449505e-4	9.256532166449505e-4	9.256532166449505e-4
RFX2_MOUSE.H11MO.0.A	3.3660116968903253e-4	3.3660116968903253e-4	3.3660116968903253e-4	3.3660116968903253e-4	3.3660116968903253e-4	3.3660116968903253e-4
RFX2_MOUSE.H11MO.1.A	1.0939538014894667e-3	1.0939538014894667e-3	1.0939538014894667e-3	1.0939538014894667e-3	1.0939538014894667e-3	1.0939538014894667e-3
RFX3_MOUSE.H11MO.0.C	3.3660116968903253e-4	3.3660116968903253e-4	3.3660116968903253e-4	3.3660116968903253e-4	3.3660116968903253e-4	3.3660116968903253e-4
RFX3_MOUSE.H11MO.1.C	9.256532166449505e-4	9.256532166449505e-4	9.256532166449505e-4	9.256532166449505e-4	9.256532166449505e-4	9.256532166449505e-4
RFX6_MOUSE.H11MO.0.C	3.3660116968903253e-4	3.3660116968903253e-4	3.3660116968903253e-4	3.3660116968903253e-4	3.3660116968903253e-4	3.3660116968903253e-4
RFX6_MOUSE.H11MO.1.C	2.524508772667744e-4	2.524508772667744e-4	2.524508772667744e-4	2.524508772667744e-4	2.524508772667744e-4	2.524508772667744e-4
RORA_MOUSE.H11MO.0.C	8.835780704338214e-4	8.835780704338214e-4	8.835780704338214e-4	8.835780704338214e-4	8.835780704338214e-4	8.835780704338214e-4
RORG_MOUSE.H11MO.0.B	9.256532166449505e-4	9.256532166449505e-4	9.256532166449505e-4	9.256532166449505e-4	9.256532166449505e-4	9.256532166449505e-4
RREB1_MOUSE.H11MO.0.D	2.1037573105564533e-4	2.1037573105564533e-4	2.1037573105564533e-4	2.1037573105564533e-4	2.1037573105564533e-4	2.1037573105564533e-4
RUNX1_MOUSE.H11MO.0.A	1.0939538014894667e-3	1.0939538014894667e-3	1.0939538014894667e-3	1.0939538014894667e-3	1.0939538014894667e-3	1.0939538014894667e-3
RUNX2_MOUSE.H11MO.0.A	4.2075146211129066e-4	4.2075146211129066e-4	4.2075146211129066e-4	4.2075146211129066e-4	4.2075146211129066e-4	4.2075146211129066e-4
RUNX3_MOUSE.H11MO.0.A	7.573526318004342e-4	7.573526318004342e-4	7.573526318004342e-4	7.573526318004342e-4	7.573526318004342e-4	7.573526318004342e-4
RXRA_MOUSE.H11MO.0.A	3.3660116968903253e-4	3.3660116968903253e-4	3.3660116968903253e-4	3.3660116968903253e-4	3.3660116968903253e-4	3.3660116968903253e-4
RXRA_MOUSE.H11MO.1.A	4.2075146211129066e-4	4.2075146211129066e-4	4.2075146211129066e-4	4.2075146211129066e-4	4.2075146211129066e-4	4.2075146211129066e-4
RXRA_MOUSE.H11MO.2.A	1.0518786552783377e-3	1.0518786552783377e-3	1.0518786552783377e-3	1.0518786552783377e-3	1.0518786552783377e-3	1.0518786552783377e-3
RXRB_MOUSE.H11MO.0.C	6.732023393781761e-4	6.732023393781761e-4	6.732023393781761e-4	6.732023393781761e-4	6.732023393781761e-4	6.732023393781761e-4
RXRG_MOUSE.H11MO.0.B	3.786763159001616e-4	3.786763159001616e-4	3.786763159001616e-4	3.786763159001616e-4	3.786763159001616e-4	3.786763159001616e-4
RXRG_MOUSE.H11MO.1.B	1.89338157950103e-3	1.89338157950103e-3	1.89338157950103e-3	1.89338157950103e-3	1.89338157950103e-3	1.89338157950103e-3
SALL1_MOUSE.H11MO.0.D	0.0	0.0	0.0	0.0	0.0	0.0
SALL4_MOUSE.H11MO.0.A	4.2075146211129066e-5	4.2075146211129066e-5	4.2075146211129066e-5	4.2075146211129066e-5	4.2075146211129066e-5	4.2075146211129066e-5
SIX2_MOUSE.H11MO.0.A	3.5763874279463037e-3	3.5763874279463037e-3	3.5763874279463037e-3	3.5763874279463037e-3	3.5763874279463037e-3	3.5763874279463037e-3
SIX4_MOUSE.H11MO.0.C	7.573526318004342e-4	7.573526318004342e-4	7.573526318004342e-4	7.573526318004342e-4	7.573526318004342e-4	7.573526318004342e-4
SMAD1_MOUSE.H11MO.0.D	2.524508772667744e-4	2.524508772667744e-4	2.524508772667744e-4	2.524508772667744e-4	2.524508772667744e-4	2.524508772667744e-4
SMAD2_MOUSE.H11MO.0.A	2.1037573105564533e-4	2.1037573105564533e-4	2.1037573105564533e-4	2.1037573105564533e-4	2.1037573105564533e-4	2.1037573105564533e-4
SMAD3_MOUSE.H11MO.0.B	0.0	0.0	0.0	0.0	0.0	0.0
SMAD4_MOUSE.H11MO.0.A	2.524508772667744e-4	2.524508772667744e-4	2.524508772667744e-4	2.524508772667744e-4	2.524508772667744e-4	2.524508772667744e-4
SMCA5_MOUSE.H11MO.0.C	1.0518786552783377e-3	1.0518786552783377e-3	1.0518786552783377e-3	1.0518786552783377e-3	1.0518786552783377e-3	1.0518786552783377e-3
SNAI1_MOUSE.H11MO.0.C	4.2075146211129066e-5	4.2075146211129066e-5	4.2075146211129066e-5	4.2075146211129066e-5	4.2075146211129066e-5	4.2075146211129066e-5
SNAI2_MOUSE.H11MO.0.A	5.89052046955918e-4	5.89052046955918e-4	5.89052046955918e-4	5.89052046955918e-4	5.89052046955918e-4	5.89052046955918e-4
SOX10_MOUSE.H11MO.0.B	3.239786258257271e-3	3.239786258257271e-3	3.239786258257271e-3	3.239786258257271e-3	3.239786258257271e-3	3.239786258257271e-3
SOX10_MOUSE.H11MO.1.A	7.152774855893052e-4	7.152774855893052e-4	7.152774855893052e-4	7.152774855893052e-4	7.152774855893052e-4	7.152774855893052e-4
SOX13_MOUSE.H11MO.0.D	4.628266083224641e-3	4.628266083224641e-3	4.628266083224641e-3	4.628266083224641e-3	4.628266083224641e-3	4.628266083224641e-3
SOX15_MOUSE.H11MO.0.D	3.5763874279463037e-3	3.5763874279463037e-3	3.5763874279463037e-3	3.5763874279463037e-3	3.5763874279463037e-3	3.5763874279463037e-3
SOX17_MOUSE.H11MO.0.D	1.3884798249673702e-3	1.3884798249673702e-3	1.3884798249673702e-3	1.3884798249673702e-3	1.3884798249673702e-3	1.3884798249673702e-3
SOX18_MOUSE.H11MO.0.D	4.796566668069158e-3	4.796566668069158e-3	4.796566668069158e-3	4.796566668069158e-3	4.796566668069158e-3	4.796566668069158e-3
SOX2_MOUSE.H11MO.0.A	3.828838305213078e-3	3.828838305213078e-3	3.828838305213078e-3	3.828838305213078e-3	3.828838305213078e-3	3.828838305213078e-3
SOX2_MOUSE.H11MO.1.A	1.0939538014894667e-3	1.0939538014894667e-3	1.0939538014894667e-3	1.0939538014894667e-3	1.0939538014894667e-3	1.0939538014894667e-3
SOX3_MOUSE.H11MO.0.C	8.835780704338214e-4	8.835780704338214e-4	8.835780704338214e-4	8.835780704338214e-4	8.835780704338214e-4	8.835780704338214e-4
SOX4_MOUSE.H11MO.0.A	5.049017545335488e-4	5.049017545335488e-4	5.049017545335488e-4	5.049017545335488e-4	5.049017545335488e-4	5.049017545335488e-4
SOX5_MOUSE.H11MO.0.C	6.5637228089368005e-3	6.5637228089368005e-3	6.5637228089368005e-3	6.5637228089368005e-3	6.5637228089368005e-3	6.5637228089368005e-3
SOX9_MOUSE.H11MO.0.A	2.1458324567678044e-3	2.1458324567678044e-3	2.1458324567678044e-3	2.1458324567678044e-3	2.1458324567678044e-3	2.1458324567678044e-3
SOX9_MOUSE.H11MO.1.A	3.786763159001616e-4	3.786763159001616e-4	3.786763159001616e-4	3.786763159001616e-4	3.786763159001616e-4	3.786763159001616e-4
SP1_MOUSE.H11MO.0.A	0.0	0.0	0.0	0.0	0.0	0.0
SP1_MOUSE.H11MO.1.A	0.0	0.0	0.0	0.0	0.0	0.0
SP2_MOUSE.H11MO.0.B	0.0	0.0	0.0	0.0	0.0	0.0
SP2_MOUSE.H11MO.1.C	0.0	0.0	0.0	0.0	0.0	0.0
SP3_MOUSE.H11MO.0.B	0.0	0.0	0.0	0.0	0.0	0.0
SP4_MOUSE.H11MO.0.B	0.0	0.0	0.0	0.0	0.0	0.0
SP4_MOUSE.H11MO.1.B	0.0	0.0	0.0	0.0	0.0	0.0
SP5_MOUSE.H11MO.0.C	0.0	0.0	0.0	0.0	0.0	0.0
SP5_MOUSE.H11MO.1.C	0.0	0.0	0.0	0.0	0.0	0.0
SP7_MOUSE.H11MO.0.A	7.110699709681478e-3	7.110699709681478e-3	7.110699709681478e-3	7.110699709681478e-3	7.110699709681478e-3	7.110699709681478e-3
SPI1_MOUSE.H11MO.0.A	4.2075146211129066e-5	4.2075146211129066e-5	4.2075146211129066e-5	4.2075146211129066e-5	4.2075146211129066e-5	4.2075146211129066e-5
SPIB_MOUSE.H11MO.0.A	8.415029242225813e-5	8.415029242225813e-5	8.415029242225813e-5	8.415029242225813e-5	8.415029242225813e-5	8.415029242225813e-5
SPZ1_MOUSE.H11MO.0.D	3.786763159001949e-3	3.786763159001949e-3	3.786763159001949e-3	3.786763159001949e-3	3.786763159001949e-3	3.786763159001949e-3
SRBP1_MOUSE.H11MO.0.B	9.256532166449505e-4	9.256532166449505e-4	9.256532166449505e-4	9.256532166449505e-4	9.256532166449505e-4	9.256532166449505e-4
SRBP2_MOUSE.H11MO.0.B	3.3660116968903253e-4	3.3660116968903253e-4	3.3660116968903253e-4	3.3660116968903253e-4	3.3660116968903253e-4	3.3660116968903253e-4
SRF_MOUSE.H11MO.0.A	1.1360289477005958e-3	1.1360289477005958e-3	1.1360289477005958e-3	1.1360289477005958e-3	1.1360289477005958e-3	1.1360289477005958e-3
SRY_MOUSE.H11MO.0.B	3.6184625741574328e-3	3.6184625741574328e-3	3.6184625741574328e-3	3.6184625741574328e-3	3.6184625741574328e-3	3.6184625741574328e-3
STA5A_MOUSE.H11MO.0.A	7.994277780115633e-4	7.994277780115633e-4	7.994277780115633e-4	7.994277780115633e-4	7.994277780115633e-4	7.994277780115633e-4
STA5B_MOUSE.H11MO.0.A	8.835780704338214e-4	8.835780704338214e-4	8.835780704338214e-4	8.835780704338214e-4	8.835780704338214e-4	8.835780704338214e-4
STAT1_MOUSE.H11MO.0.A	2.1037573105564533e-4	2.1037573105564533e-4	2.1037573105564533e-4	2.1037573105564533e-4	2.1037573105564533e-4	2.1037573105564533e-4
STAT1_MOUSE.H11MO.1.A	4.2075146211129066e-4	4.2075146211129066e-4	4.2075146211129066e-4	4.2075146211129066e-4	4.2075146211129066e-4	4.2075146211129066e-4
STAT2_MOUSE.H11MO.0.A	3.3660116968903253e-4	3.3660116968903253e-4	3.3660116968903253e-4	3.3660116968903253e-4	3.3660116968903253e-4	3.3660116968903253e-4
STAT3_MOUSE.H11MO.0.A	2.9452602347790346e-4	2.9452602347790346e-4	2.9452602347790346e-4	2.9452602347790346e-4	2.9452602347790346e-4	2.9452602347790346e-4
STAT4_MOUSE.H11MO.0.A	5.89052046955918e-4	5.89052046955918e-4	5.89052046955918e-4	5.89052046955918e-4	5.89052046955918e-4	5.89052046955918e-4
STAT6_MOUSE.H11MO.0.A	1.0939538014894667e-3	1.0939538014894667e-3	1.0939538014894667e-3	1.0939538014894667e-3	1.0939538014894667e-3	1.0939538014894667e-3
STF1_MOUSE.H11MO.0.B	3.3660116968903253e-4	3.3660116968903253e-4	3.3660116968903253e-4	3.3660116968903253e-4	3.3660116968903253e-4	3.3660116968903253e-4
SUH_MOUSE.H11MO.0.A	3.3660116968903253e-4	3.3660116968903253e-4	3.3660116968903253e-4	3.3660116968903253e-4	3.3660116968903253e-4	3.3660116968903253e-4
TAF1_MOUSE.H11MO.0.A	4.2075146211129066e-5	4.2075146211129066e-5	4.2075146211129066e-5	4.2075146211129066e-5	4.2075146211129066e-5	4.2075146211129066e-5
TAL1_MOUSE.H11MO.0.A	9.256532166449505e-4	9.256532166449505e-4	9.256532166449505e-4	9.256532166449505e-4	9.256532166449505e-4	9.256532166449505e-4
TBP_MOUSE.H11MO.0.A	3.4922371355240456e-3	3.4922371355240456e-3	3.4922371355240456e-3	3.4922371355240456e-3	3.4922371355240456e-3	3.4922371355240456e-3
TBX20_MOUSE.H11MO.0.C	3.786763159001616e-4	3.786763159001616e-4	3.786763159001616e-4	3.786763159001616e-4	3.786763159001616e-4	3.786763159001616e-4
TBX21_MOUSE.H11MO.0.A	7.573526318004342e-4	7.573526318004342e-4	7.573526318004342e-4	7.573526318004342e-4	7.573526318004342e-4	7.573526318004342e-4
TBX2_MOUSE.H11MO.0.D	2.398283334034579e-3	2.398283334034579e-3	2.398283334034579e-3	2.398283334034579e-3	2.398283334034579e-3	2.398283334034579e-3
TBX3_MOUSE.H11MO.0.B	5.175242983969319e-3	5.175242983969319e-3	5.175242983969319e-3	5.175242983969319e-3	5.175242983969319e-3	5.175242983969319e-3
TBX5_MOUSE.H11MO.0.D	8.835780704338214e-4	8.835780704338214e-4	8.835780704338214e-4	8.835780704338214e-4	8.835780704338214e-4	8.835780704338214e-4
TCF7_MOUSE.H11MO.0.A	2.1037573105564533e-4	2.1037573105564533e-4	2.1037573105564533e-4	2.1037573105564533e-4	2.1037573105564533e-4	2.1037573105564533e-4
TEAD1_MOUSE.H11MO.0.A	8.835780704338214e-4	8.835780704338214e-4	8.835780704338214e-4	8.835780704338214e-4	8.835780704338214e-4	8.835780704338214e-4
TEAD2_MOUSE.H11MO.0.C	7.994277780115633e-4	7.994277780115633e-4	7.994277780115633e-4	7.994277780115633e-4	7.994277780115633e-4	7.994277780115633e-4
TEAD3_MOUSE.H11MO.0.D	2.440358480245708e-3	2.440358480245708e-3	2.440358480245708e-3	2.440358480245708e-3	2.440358480245708e-3	2.440358480245708e-3
TEAD4_MOUSE.H11MO.0.A	7.573526318004342e-4	7.573526318004342e-4	7.573526318004342e-4	7.573526318004342e-4	7.573526318004342e-4	7.573526318004342e-4
TEF_MOUSE.H11MO.0.D	5.469769007447334e-3	5.469769007447334e-3	5.469769007447334e-3	5.469769007447334e-3	5.469769007447334e-3	5.469769007447334e-3
TF2L1_MOUSE.H11MO.0.C	4.2075146211129066e-4	4.2075146211129066e-4	4.2075146211129066e-4	4.2075146211129066e-4	4.2075146211129066e-4	4.2075146211129066e-4
TF2L1_MOUSE.H11MO.1.C	9.677283628560795e-4	9.677283628560795e-4	9.677283628560795e-4	9.677283628560795e-4	9.677283628560795e-4	9.677283628560795e-4
TF65_MOUSE.H11MO.0.A	1.262254386333983e-3	1.262254386333983e-3	1.262254386333983e-3	1.262254386333983e-3	1.262254386333983e-3	1.262254386333983e-3
TF7L1_MOUSE.H11MO.0.A	1.809231287078772e-3	1.809231287078772e-3	1.809231287078772e-3	1.809231287078772e-3	1.809231287078772e-3	1.809231287078772e-3
TF7L2_MOUSE.H11MO.0.A	1.5147052636007574e-3	1.5147052636007574e-3	1.5147052636007574e-3	1.5147052636007574e-3	1.5147052636007574e-3	1.5147052636007574e-3
TFCP2_MOUSE.H11MO.0.D	2.1037573105564533e-4	2.1037573105564533e-4	2.1037573105564533e-4	2.1037573105564533e-4	2.1037573105564533e-4	2.1037573105564533e-4
TFDP1_MOUSE.H11MO.0.D	4.2075146211129066e-5	4.2075146211129066e-5	4.2075146211129066e-5	4.2075146211129066e-5	4.2075146211129066e-5	4.2075146211129066e-5
TFE2_MOUSE.H11MO.0.A	1.6830058484451627e-4	1.6830058484451627e-4	1.6830058484451627e-4	1.6830058484451627e-4	1.6830058484451627e-4	1.6830058484451627e-4
TFE3_MOUSE.H11MO.0.A	5.89052046955918e-4	5.89052046955918e-4	5.89052046955918e-4	5.89052046955918e-4	5.89052046955918e-4	5.89052046955918e-4
TFEB_MOUSE.H11MO.0.C	1.0518786552783377e-3	1.0518786552783377e-3	1.0518786552783377e-3	1.0518786552783377e-3	1.0518786552783377e-3	1.0518786552783377e-3
TGIF1_MOUSE.H11MO.0.A	4.2075146211129066e-4	4.2075146211129066e-4	4.2075146211129066e-4	4.2075146211129066e-4	4.2075146211129066e-4	4.2075146211129066e-4
THA11_MOUSE.H11MO.0.B	0.0	0.0	0.0	0.0	0.0	0.0
THA_MOUSE.H11MO.0.C	3.786763159001616e-4	3.786763159001616e-4	3.786763159001616e-4	3.786763159001616e-4	3.786763159001616e-4	3.786763159001616e-4
THA_MOUSE.H11MO.1.C	7.573526318004342e-4	7.573526318004342e-4	7.573526318004342e-4	7.573526318004342e-4	7.573526318004342e-4	7.573526318004342e-4
THB_MOUSE.H11MO.0.D	2.1037573105564533e-4	2.1037573105564533e-4	2.1037573105564533e-4	2.1037573105564533e-4	2.1037573105564533e-4	2.1037573105564533e-4
TLX1_MOUSE.H11MO.0.D	4.291664913535609e-3	4.291664913535609e-3	4.291664913535609e-3	4.291664913535609e-3	4.291664913535609e-3	4.291664913535609e-3
TWST1_MOUSE.H11MO.0.B	2.0616821643455463e-3	2.0616821643455463e-3	2.0616821643455463e-3	2.0616821643455463e-3	2.0616821643455463e-3	2.0616821643455463e-3
TWST1_MOUSE.H11MO.1.B	9.677283628560795e-4	9.677283628560795e-4	9.677283628560795e-4	9.677283628560795e-4	9.677283628560795e-4	9.677283628560795e-4
TYY1_MOUSE.H11MO.0.A	2.1037573105564533e-4	2.1037573105564533e-4	2.1037573105564533e-4	2.1037573105564533e-4	2.1037573105564533e-4	2.1037573105564533e-4
UBIP1_MOUSE.H11MO.0.D	0.0	0.0	0.0	0.0	0.0	0.0
USF1_MOUSE.H11MO.0.A	3.786763159001616e-4	3.786763159001616e-4	3.786763159001616e-4	3.786763159001616e-4	3.786763159001616e-4	3.786763159001616e-4
USF2_MOUSE.H11MO.0.A	2.9452602347790346e-4	2.9452602347790346e-4	2.9452602347790346e-4	2.9452602347790346e-4	2.9452602347790346e-4	2.9452602347790346e-4
VDR_MOUSE.H11MO.0.A	1.0939538014894667e-3	1.0939538014894667e-3	1.0939538014894667e-3	1.0939538014894667e-3	1.0939538014894667e-3	1.0939538014894667e-3
VDR_MOUSE.H11MO.1.A	1.809231287078772e-3	1.809231287078772e-3	1.809231287078772e-3	1.809231287078772e-3	1.809231287078772e-3	1.809231287078772e-3
VSX2_MOUSE.H11MO.0.C	5.469769007447334e-3	5.469769007447334e-3	5.469769007447334e-3	5.469769007447334e-3	5.469769007447334e-3	5.469769007447334e-3
WT1_MOUSE.H11MO.0.B	0.0	0.0	0.0	0.0	0.0	0.0
WT1_MOUSE.H11MO.1.A	4.2075146211129066e-5	4.2075146211129066e-5	4.2075146211129066e-5	4.2075146211129066e-5	4.2075146211129066e-5	4.2075146211129066e-5
XBP1_MOUSE.H11MO.0.C	5.553919299869592e-3	5.553919299869592e-3	5.553919299869592e-3	5.553919299869592e-3	5.553919299869592e-3	5.553919299869592e-3
ZBT17_MOUSE.H11MO.0.A	0.0	0.0	0.0	0.0	0.0	0.0
ZBT18_MOUSE.H11MO.0.D	3.3660116968903253e-4	3.3660116968903253e-4	3.3660116968903253e-4	3.3660116968903253e-4	3.3660116968903253e-4	3.3660116968903253e-4
ZBT7A_MOUSE.H11MO.0.B	1.89338157950103e-3	1.89338157950103e-3	1.89338157950103e-3	1.89338157950103e-3	1.89338157950103e-3	1.89338157950103e-3
ZBTB6_MOUSE.H11MO.0.D	2.1037573105564533e-4	2.1037573105564533e-4	2.1037573105564533e-4	2.1037573105564533e-4	2.1037573105564533e-4	2.1037573105564533e-4
ZEB1_MOUSE.H11MO.0.B	4.6282660832241973e-4	4.6282660832241973e-4	4.6282660832241973e-4	4.6282660832241973e-4	4.6282660832241973e-4	4.6282660832241973e-4
ZEP1_MOUSE.H11MO.0.D	8.835780704338214e-4	8.835780704338214e-4	8.835780704338214e-4	8.835780704338214e-4	8.835780704338214e-4	8.835780704338214e-4
ZEP2_MOUSE.H11MO.0.D	2.1879076029789335e-3	2.1879076029789335e-3	2.1879076029789335e-3	2.1879076029789335e-3	2.1879076029789335e-3	2.1879076029789335e-3
ZFHX3_MOUSE.H11MO.0.D	1.5862330121597212e-2	1.5862330121597212e-2	1.5862330121597212e-2	1.5862330121597212e-2	1.5862330121597212e-2	1.5862330121597212e-2
ZFP42_MOUSE.H11MO.0.A	1.6830058484451627e-4	1.6830058484451627e-4	1.6830058484451627e-4	1.6830058484451627e-4	1.6830058484451627e-4	1.6830058484451627e-4
ZFP57_MOUSE.H11MO.0.B	2.3562081878234498e-3	2.3562081878234498e-3	2.3562081878234498e-3	2.3562081878234498e-3	2.3562081878234498e-3	2.3562081878234498e-3
ZFX_MOUSE.H11MO.0.B	0.0	0.0	0.0	0.0	0.0	0.0
ZFX_MOUSE.H11MO.1.B	2.1037573105564533e-4	2.1037573105564533e-4	2.1037573105564533e-4	2.1037573105564533e-4	2.1037573105564533e-4	2.1037573105564533e-4
ZIC1_MOUSE.H11MO.0.B	1.0518786552783377e-3	1.0518786552783377e-3	1.0518786552783377e-3	1.0518786552783377e-3	1.0518786552783377e-3	1.0518786552783377e-3
ZIC2_MOUSE.H11MO.0.C	4.2075146211129066e-5	4.2075146211129066e-5	4.2075146211129066e-5	4.2075146211129066e-5	4.2075146211129066e-5	4.2075146211129066e-5
ZIC3_MOUSE.H11MO.0.A	4.2075146211129066e-5	4.2075146211129066e-5	4.2075146211129066e-5	4.2075146211129066e-5	4.2075146211129066e-5	4.2075146211129066e-5
ZKSC1_MOUSE.H11MO.0.A	2.7348845037236114e-3	2.7348845037236114e-3	2.7348845037236114e-3	2.7348845037236114e-3	2.7348845037236114e-3	2.7348845037236114e-3
ZN143_MOUSE.H11MO.0.A	0.0	0.0	0.0	0.0	0.0	0.0
ZN148_MOUSE.H11MO.0.D	0.0	0.0	0.0	0.0	0.0	0.0
ZN281_MOUSE.H11MO.0.A	0.0	0.0	0.0	0.0	0.0	0.0
ZN322_MOUSE.H11MO.0.B	1.6830058484451627e-4	1.6830058484451627e-4	1.6830058484451627e-4	1.6830058484451627e-4	1.6830058484451627e-4	1.6830058484451627e-4
ZN335_MOUSE.H11MO.0.A	0.0	0.0	0.0	0.0	0.0	0.0
ZN335_MOUSE.H11MO.1.A	1.6830058484451627e-4	1.6830058484451627e-4	1.6830058484451627e-4	1.6830058484451627e-4	1.6830058484451627e-4	1.6830058484451627e-4
ZN423_MOUSE.H11MO.0.D	3.0756931880338234e-2	3.0756931880338234e-2	3.0756931880338234e-2	3.0756931880338234e-2	3.0756931880338234e-2	3.0756931880338234e-2
ZN431_MOUSE.H11MO.0.C	8.835780704338214e-4	8.835780704338214e-4	8.835780704338214e-4	8.835780704338214e-4	8.835780704338214e-4	8.835780704338214e-4
