	e9.5	e9.5	e9.5	e9.5	e9.5
AHR_MOUSE.H11MO.0.B	1.223556120443454e-4	1.223556120443454e-4	1.223556120443454e-4	1.223556120443454e-4	1.223556120443454e-4
AIRE_MOUSE.H11MO.0.C	1.8028570270616273e-4	1.8028570270616273e-4	1.8028570270616273e-4	1.8028570270616273e-4	1.8028570270616273e-4
ALX1_MOUSE.H11MO.0.B	1.8094888043149749e-4	1.8094888043149749e-4	1.8094888043149749e-4	1.8094888043149749e-4	1.8094888043149749e-4
ANDR_MOUSE.H11MO.0.A	5.16409055769658e-4	5.16409055769658e-4	5.16409055769658e-4	5.16409055769658e-4	5.16409055769658e-4
ANDR_MOUSE.H11MO.1.A	8.129826784114499e-4	8.129826784114499e-4	8.129826784114499e-4	8.129826784114499e-4	8.129826784114499e-4
AP2A_MOUSE.H11MO.0.A	2.473566234005266e-3	2.473566234005266e-3	2.473566234005266e-3	2.473566234005266e-3	2.473566234005266e-3
AP2B_MOUSE.H11MO.0.B	1.277964604272472e-3	1.277964604272472e-3	1.277964604272472e-3	1.277964604272472e-3	1.277964604272472e-3
AP2C_MOUSE.H11MO.0.A	2.788193424349503e-3	2.788193424349503e-3	2.788193424349503e-3	2.788193424349503e-3	2.788193424349503e-3
AP2D_MOUSE.H11MO.0.D	1.3269179343409505e-3	1.3269179343409505e-3	1.3269179343409505e-3	1.3269179343409505e-3	1.3269179343409505e-3
ARI3A_MOUSE.H11MO.0.D	2.8946473907044495e-4	2.8946473907044495e-4	2.8946473907044495e-4	2.8946473907044495e-4	2.8946473907044495e-4
ARI5B_MOUSE.H11MO.0.C	1.8280601952272866e-4	1.8280601952272866e-4	1.8280601952272866e-4	1.8280601952272866e-4	1.8280601952272866e-4
ARNT2_MOUSE.H11MO.0.D	4.894649209163993e-4	4.894649209163993e-4	4.894649209163993e-4	4.894649209163993e-4	4.894649209163993e-4
ARNT_MOUSE.H11MO.0.B	1.7492727715697366e-4	1.7492727715697366e-4	1.7492727715697366e-4	1.7492727715697366e-4	1.7492727715697366e-4
ASCL1_MOUSE.H11MO.0.A	1.3721371742554962e-3	1.3721371742554962e-3	1.3721371742554962e-3	1.3721371742554962e-3	1.3721371742554962e-3
ASCL2_MOUSE.H11MO.0.C	1.3263741997051144e-3	1.3263741997051144e-3	1.3263741997051144e-3	1.3263741997051144e-3	1.3263741997051144e-3
ATF1_MOUSE.H11MO.0.B	5.206131771649076e-4	5.206131771649076e-4	5.206131771649076e-4	5.206131771649076e-4	5.206131771649076e-4
ATF2_MOUSE.H11MO.0.A	9.158579868534138e-4	9.158579868534138e-4	9.158579868534138e-4	9.158579868534138e-4	9.158579868534138e-4
ATF3_MOUSE.H11MO.0.A	1.1948899363216378e-3	1.1948899363216378e-3	1.1948899363216378e-3	1.1948899363216378e-3	1.1948899363216378e-3
ATF4_MOUSE.H11MO.0.A	2.446166568132123e-4	2.446166568132123e-4	2.446166568132123e-4	2.446166568132123e-4	2.446166568132123e-4
ATF7_MOUSE.H11MO.0.D	8.929548026248865e-4	8.929548026248865e-4	8.929548026248865e-4	8.929548026248865e-4	8.929548026248865e-4
ATOH1_MOUSE.H11MO.0.B	8.880632696774242e-4	8.880632696774242e-4	8.880632696774242e-4	8.880632696774242e-4	8.880632696774242e-4
BACH1_MOUSE.H11MO.0.C	3.501869072216616e-4	3.501869072216616e-4	3.501869072216616e-4	3.501869072216616e-4	3.501869072216616e-4
BACH2_MOUSE.H11MO.0.A	1.104487347451586e-3	1.104487347451586e-3	1.104487347451586e-3	1.104487347451586e-3	1.104487347451586e-3
BARX1_MOUSE.H11MO.0.C	2.112881691723947e-4	2.112881691723947e-4	2.112881691723947e-4	2.112881691723947e-4	2.112881691723947e-4
BARX2_MOUSE.H11MO.0.D	2.2598809109859974e-4	2.2598809109859974e-4	2.2598809109859974e-4	2.2598809109859974e-4	2.2598809109859974e-4
BATF3_MOUSE.H11MO.0.A	3.911759113319186e-4	3.911759113319186e-4	3.911759113319186e-4	3.911759113319186e-4	3.911759113319186e-4
BATF_MOUSE.H11MO.0.A	5.242665093649925e-4	5.242665093649925e-4	5.242665093649925e-4	5.242665093649925e-4	5.242665093649925e-4
BATF_MOUSE.H11MO.1.A	5.401526867573053e-4	5.401526867573053e-4	5.401526867573053e-4	5.401526867573053e-4	5.401526867573053e-4
BCL6_MOUSE.H11MO.0.A	7.57683630527174e-4	7.57683630527174e-4	7.57683630527174e-4	7.57683630527174e-4	7.57683630527174e-4
BHA15_MOUSE.H11MO.0.A	1.2845509987075004e-3	1.2845509987075004e-3	1.2845509987075004e-3	1.2845509987075004e-3	1.2845509987075004e-3
BHE40_MOUSE.H11MO.0.A	3.006264554518182e-4	3.006264554518182e-4	3.006264554518182e-4	3.006264554518182e-4	3.006264554518182e-4
BHE41_MOUSE.H11MO.0.D	7.761622089117678e-4	7.761622089117678e-4	7.761622089117678e-4	7.761622089117678e-4	7.761622089117678e-4
BMAL1_MOUSE.H11MO.0.A	4.633834925072678e-4	4.633834925072678e-4	4.633834925072678e-4	4.633834925072678e-4	4.633834925072678e-4
BRAC_MOUSE.H11MO.0.B	4.6928241776570615e-4	4.6928241776570615e-4	4.6928241776570615e-4	4.6928241776570615e-4	4.6928241776570615e-4
BRAC_MOUSE.H11MO.1.C	4.2364151455075584e-4	4.2364151455075584e-4	4.2364151455075584e-4	4.2364151455075584e-4	4.2364151455075584e-4
BRCA1_MOUSE.H11MO.0.D	2.4817655743069884e-4	2.4817655743069884e-4	2.4817655743069884e-4	2.4817655743069884e-4	2.4817655743069884e-4
CDC5L_MOUSE.H11MO.0.D	1.1464661257187154e-4	1.1464661257187154e-4	1.1464661257187154e-4	1.1464661257187154e-4	1.1464661257187154e-4
CDX1_MOUSE.H11MO.0.C	1.854825174860399e-4	1.854825174860399e-4	1.854825174860399e-4	1.854825174860399e-4	1.854825174860399e-4
CDX2_MOUSE.H11MO.0.A	2.978692569737446e-4	2.978692569737446e-4	2.978692569737446e-4	2.978692569737446e-4	2.978692569737446e-4
CDX4_MOUSE.H11MO.0.A	1.75937412093952e-4	1.75937412093952e-4	1.75937412093952e-4	1.75937412093952e-4	1.75937412093952e-4
CEBPA_MOUSE.H11MO.0.A	2.537111810935919e-4	2.537111810935919e-4	2.537111810935919e-4	2.537111810935919e-4	2.537111810935919e-4
CEBPB_MOUSE.H11MO.0.A	2.0430481375852106e-4	2.0430481375852106e-4	2.0430481375852106e-4	2.0430481375852106e-4	2.0430481375852106e-4
CEBPD_MOUSE.H11MO.0.B	1.7613155456039546e-4	1.7613155456039546e-4	1.7613155456039546e-4	1.7613155456039546e-4	1.7613155456039546e-4
CEBPE_MOUSE.H11MO.0.A	1.3441904815631405e-4	1.3441904815631405e-4	1.3441904815631405e-4	1.3441904815631405e-4	1.3441904815631405e-4
CEBPG_MOUSE.H11MO.0.B	2.4171384787983298e-4	2.4171384787983298e-4	2.4171384787983298e-4	2.4171384787983298e-4	2.4171384787983298e-4
CEBPZ_MOUSE.H11MO.0.D	1.431183304411136e-3	1.431183304411136e-3	1.431183304411136e-3	1.431183304411136e-3	1.431183304411136e-3
CLOCK_MOUSE.H11MO.0.C	5.315358049861367e-4	5.315358049861367e-4	5.315358049861367e-4	5.315358049861367e-4	5.315358049861367e-4
COE1_MOUSE.H11MO.0.A	9.747026147931036e-4	9.747026147931036e-4	9.747026147931036e-4	9.747026147931036e-4	9.747026147931036e-4
COT1_MOUSE.H11MO.0.B	7.912692716435831e-4	7.912692716435831e-4	7.912692716435831e-4	7.912692716435831e-4	7.912692716435831e-4
COT1_MOUSE.H11MO.1.C	8.47390221527888e-4	8.47390221527888e-4	8.47390221527888e-4	8.47390221527888e-4	8.47390221527888e-4
COT2_MOUSE.H11MO.0.A	9.668630160718833e-4	9.668630160718833e-4	9.668630160718833e-4	9.668630160718833e-4	9.668630160718833e-4
COT2_MOUSE.H11MO.1.B	9.8122705072524e-4	9.8122705072524e-4	9.8122705072524e-4	9.8122705072524e-4	9.8122705072524e-4
COT2_MOUSE.H11MO.2.B	1.253655474412582e-3	1.253655474412582e-3	1.253655474412582e-3	1.253655474412582e-3	1.253655474412582e-3
CREB1_MOUSE.H11MO.0.A	6.547961363717479e-4	6.547961363717479e-4	6.547961363717479e-4	6.547961363717479e-4	6.547961363717479e-4
CREM_MOUSE.H11MO.0.C	6.995753190664184e-4	6.995753190664184e-4	6.995753190664184e-4	6.995753190664184e-4	6.995753190664184e-4
CRX_MOUSE.H11MO.0.A	2.812603534205841e-4	2.812603534205841e-4	2.812603534205841e-4	2.812603534205841e-4	2.812603534205841e-4
CTCF_MOUSE.H11MO.0.A	6.550807259703416e-3	6.550807259703416e-3	6.550807259703416e-3	6.550807259703416e-3	6.550807259703416e-3
CTCFL_MOUSE.H11MO.0.A	5.499883494108052e-3	5.499883494108052e-3	5.499883494108052e-3	5.499883494108052e-3	5.499883494108052e-3
CUX1_MOUSE.H11MO.0.C	7.526933393405298e-5	7.526933393405298e-5	7.526933393405298e-5	7.526933393405298e-5	7.526933393405298e-5
CUX2_MOUSE.H11MO.0.C	1.1383003187766393e-4	1.1383003187766393e-4	1.1383003187766393e-4	1.1383003187766393e-4	1.1383003187766393e-4
CXXC1_MOUSE.H11MO.0.D	2.3277193537289836e-4	2.3277193537289836e-4	2.3277193537289836e-4	2.3277193537289836e-4	2.3277193537289836e-4
DBP_MOUSE.H11MO.0.B	1.9734818489828247e-4	1.9734818489828247e-4	1.9734818489828247e-4	1.9734818489828247e-4	1.9734818489828247e-4
DDIT3_MOUSE.H11MO.0.C	3.5149344359523756e-4	3.5149344359523756e-4	3.5149344359523756e-4	3.5149344359523756e-4	3.5149344359523756e-4
DLX2_MOUSE.H11MO.0.D	1.6644125303088149e-4	1.6644125303088149e-4	1.6644125303088149e-4	1.6644125303088149e-4	1.6644125303088149e-4
DLX3_MOUSE.H11MO.0.C	2.3926922272464468e-4	2.3926922272464468e-4	2.3926922272464468e-4	2.3926922272464468e-4	2.3926922272464468e-4
DLX5_MOUSE.H11MO.0.C	1.784454325011474e-4	1.784454325011474e-4	1.784454325011474e-4	1.784454325011474e-4	1.784454325011474e-4
DMRT1_MOUSE.H11MO.0.C	3.3694572869088146e-4	3.3694572869088146e-4	3.3694572869088146e-4	3.3694572869088146e-4	3.3694572869088146e-4
DMRTB_MOUSE.H11MO.0.C	3.27014357947846e-4	3.27014357947846e-4	3.27014357947846e-4	3.27014357947846e-4	3.27014357947846e-4
E2F1_MOUSE.H11MO.0.A	1.9192262445108196e-3	1.9192262445108196e-3	1.9192262445108196e-3	1.9192262445108196e-3	1.9192262445108196e-3
E2F2_MOUSE.H11MO.0.B	2.8492582316371097e-4	2.8492582316371097e-4	2.8492582316371097e-4	2.8492582316371097e-4	2.8492582316371097e-4
E2F3_MOUSE.H11MO.0.A	1.0437460387600335e-3	1.0437460387600335e-3	1.0437460387600335e-3	1.0437460387600335e-3	1.0437460387600335e-3
E2F4_MOUSE.H11MO.0.A	2.345469894520779e-3	2.345469894520779e-3	2.345469894520779e-3	2.345469894520779e-3	2.345469894520779e-3
E2F4_MOUSE.H11MO.1.A	4.752092753225682e-4	4.752092753225682e-4	4.752092753225682e-4	4.752092753225682e-4	4.752092753225682e-4
E2F5_MOUSE.H11MO.0.B	2.318718372032692e-4	2.318718372032692e-4	2.318718372032692e-4	2.318718372032692e-4	2.318718372032692e-4
E2F6_MOUSE.H11MO.0.A	1.2086237689420505e-3	1.2086237689420505e-3	1.2086237689420505e-3	1.2086237689420505e-3	1.2086237689420505e-3
E2F7_MOUSE.H11MO.0.C	1.7379233823071078e-3	1.7379233823071078e-3	1.7379233823071078e-3	1.7379233823071078e-3	1.7379233823071078e-3
E4F1_MOUSE.H11MO.0.D	7.940174237765624e-4	7.940174237765624e-4	7.940174237765624e-4	7.940174237765624e-4	7.940174237765624e-4
EGR1_MOUSE.H11MO.0.A	1.85724677632783e-3	1.85724677632783e-3	1.85724677632783e-3	1.85724677632783e-3	1.85724677632783e-3
EGR2_MOUSE.H11MO.0.A	1.9208817513419703e-3	1.9208817513419703e-3	1.9208817513419703e-3	1.9208817513419703e-3	1.9208817513419703e-3
EGR2_MOUSE.H11MO.1.A	2.345818677876488e-3	2.345818677876488e-3	2.345818677876488e-3	2.345818677876488e-3	2.345818677876488e-3
EGR3_MOUSE.H11MO.0.D	6.541043063797315e-4	6.541043063797315e-4	6.541043063797315e-4	6.541043063797315e-4	6.541043063797315e-4
EGR4_MOUSE.H11MO.0.D	1.5894657015139023e-3	1.5894657015139023e-3	1.5894657015139023e-3	1.5894657015139023e-3	1.5894657015139023e-3
EHF_MOUSE.H11MO.0.B	1.5471144416795341e-3	1.5471144416795341e-3	1.5471144416795341e-3	1.5471144416795341e-3	1.5471144416795341e-3
ELF1_MOUSE.H11MO.0.A	1.8421678238378643e-3	1.8421678238378643e-3	1.8421678238378643e-3	1.8421678238378643e-3	1.8421678238378643e-3
ELF2_MOUSE.H11MO.0.C	1.6008314387570438e-3	1.6008314387570438e-3	1.6008314387570438e-3	1.6008314387570438e-3	1.6008314387570438e-3
ELF3_MOUSE.H11MO.0.B	1.4831253402130106e-3	1.4831253402130106e-3	1.4831253402130106e-3	1.4831253402130106e-3	1.4831253402130106e-3
ELF5_MOUSE.H11MO.0.A	1.9643322641184954e-3	1.9643322641184954e-3	1.9643322641184954e-3	1.9643322641184954e-3	1.9643322641184954e-3
ELK1_MOUSE.H11MO.0.B	1.6235685728983682e-3	1.6235685728983682e-3	1.6235685728983682e-3	1.6235685728983682e-3	1.6235685728983682e-3
ELK3_MOUSE.H11MO.0.D	1.0711417459253196e-3	1.0711417459253196e-3	1.0711417459253196e-3	1.0711417459253196e-3	1.0711417459253196e-3
ELK4_MOUSE.H11MO.0.B	1.9513731694257362e-3	1.9513731694257362e-3	1.9513731694257362e-3	1.9513731694257362e-3	1.9513731694257362e-3
EPAS1_MOUSE.H11MO.0.C	1.4820511660934625e-4	1.4820511660934625e-4	1.4820511660934625e-4	1.4820511660934625e-4	1.4820511660934625e-4
ERG_MOUSE.H11MO.0.A	2.157377931205804e-3	2.157377931205804e-3	2.157377931205804e-3	2.157377931205804e-3	2.157377931205804e-3
ERR1_MOUSE.H11MO.0.A	5.012652349070636e-4	5.012652349070636e-4	5.012652349070636e-4	5.012652349070636e-4	5.012652349070636e-4
ERR2_MOUSE.H11MO.0.A	5.04450910002675e-4	5.04450910002675e-4	5.04450910002675e-4	5.04450910002675e-4	5.04450910002675e-4
ERR3_MOUSE.H11MO.0.C	5.257743297813548e-4	5.257743297813548e-4	5.257743297813548e-4	5.257743297813548e-4	5.257743297813548e-4
ESR1_MOUSE.H11MO.0.A	7.708113218803075e-4	7.708113218803075e-4	7.708113218803075e-4	7.708113218803075e-4	7.708113218803075e-4
ESR1_MOUSE.H11MO.1.A	6.110319715319294e-4	6.110319715319294e-4	6.110319715319294e-4	6.110319715319294e-4	6.110319715319294e-4
ESR2_MOUSE.H11MO.0.A	7.523007580173499e-4	7.523007580173499e-4	7.523007580173499e-4	7.523007580173499e-4	7.523007580173499e-4
ESR2_MOUSE.H11MO.1.A	8.837617954384724e-4	8.837617954384724e-4	8.837617954384724e-4	8.837617954384724e-4	8.837617954384724e-4
ETS1_MOUSE.H11MO.0.A	2.2430357364849078e-3	2.2430357364849078e-3	2.2430357364849078e-3	2.2430357364849078e-3	2.2430357364849078e-3
ETS2_MOUSE.H11MO.0.A	1.5950286760778346e-3	1.5950286760778346e-3	1.5950286760778346e-3	1.5950286760778346e-3	1.5950286760778346e-3
ETV2_MOUSE.H11MO.0.A	2.131337970349995e-3	2.131337970349995e-3	2.131337970349995e-3	2.131337970349995e-3	2.131337970349995e-3
ETV4_MOUSE.H11MO.0.B	1.8827113856619226e-3	1.8827113856619226e-3	1.8827113856619226e-3	1.8827113856619226e-3	1.8827113856619226e-3
ETV5_MOUSE.H11MO.0.D	2.1709853982647617e-3	2.1709853982647617e-3	2.1709853982647617e-3	2.1709853982647617e-3	2.1709853982647617e-3
ETV6_MOUSE.H11MO.0.C	1.6238173674542364e-3	1.6238173674542364e-3	1.6238173674542364e-3	1.6238173674542364e-3	1.6238173674542364e-3
EVI1_MOUSE.H11MO.0.B	4.7464083693356897e-4	4.7464083693356897e-4	4.7464083693356897e-4	4.7464083693356897e-4	4.7464083693356897e-4
EVX1_MOUSE.H11MO.0.C	1.7527021577495134e-4	1.7527021577495134e-4	1.7527021577495134e-4	1.7527021577495134e-4	1.7527021577495134e-4
EVX2_MOUSE.H11MO.0.A	2.7332204061707367e-4	2.7332204061707367e-4	2.7332204061707367e-4	2.7332204061707367e-4	2.7332204061707367e-4
FEV_MOUSE.H11MO.0.B	1.2625216169541943e-3	1.2625216169541943e-3	1.2625216169541943e-3	1.2625216169541943e-3	1.2625216169541943e-3
FLI1_MOUSE.H11MO.0.A	2.1976717244984135e-3	2.1976717244984135e-3	2.1976717244984135e-3	2.1976717244984135e-3	2.1976717244984135e-3
FLI1_MOUSE.H11MO.1.A	3.0099551991703503e-3	3.0099551991703503e-3	3.0099551991703503e-3	3.0099551991703503e-3	3.0099551991703503e-3
FOS_MOUSE.H11MO.0.A	1.150748033355179e-3	1.150748033355179e-3	1.150748033355179e-3	1.150748033355179e-3	1.150748033355179e-3
FOSB_MOUSE.H11MO.0.A	1.1212419362279318e-3	1.1212419362279318e-3	1.1212419362279318e-3	1.1212419362279318e-3	1.1212419362279318e-3
FOSL1_MOUSE.H11MO.0.A	1.178962575245286e-3	1.178962575245286e-3	1.178962575245286e-3	1.178962575245286e-3	1.178962575245286e-3
FOSL2_MOUSE.H11MO.0.A	1.1777281507999308e-3	1.1777281507999308e-3	1.1777281507999308e-3	1.1777281507999308e-3	1.1777281507999308e-3
FOXA1_MOUSE.H11MO.0.A	4.3213680952626065e-4	4.3213680952626065e-4	4.3213680952626065e-4	4.3213680952626065e-4	4.3213680952626065e-4
FOXA2_MOUSE.H11MO.0.A	3.680861195221285e-4	3.680861195221285e-4	3.680861195221285e-4	3.680861195221285e-4	3.680861195221285e-4
FOXA3_MOUSE.H11MO.0.A	4.2423119928551876e-4	4.2423119928551876e-4	4.2423119928551876e-4	4.2423119928551876e-4	4.2423119928551876e-4
FOXC1_MOUSE.H11MO.0.C	3.219885847814372e-4	3.219885847814372e-4	3.219885847814372e-4	3.219885847814372e-4	3.219885847814372e-4
FOXC2_MOUSE.H11MO.0.D	2.0466961506519036e-4	2.0466961506519036e-4	2.0466961506519036e-4	2.0466961506519036e-4	2.0466961506519036e-4
FOXD1_MOUSE.H11MO.0.D	3.2613042161305794e-4	3.2613042161305794e-4	3.2613042161305794e-4	3.2613042161305794e-4	3.2613042161305794e-4
FOXD3_MOUSE.H11MO.0.C	5.998629746354051e-4	5.998629746354051e-4	5.998629746354051e-4	5.998629746354051e-4	5.998629746354051e-4
FOXF1_MOUSE.H11MO.0.D	3.4164185462435935e-4	3.4164185462435935e-4	3.4164185462435935e-4	3.4164185462435935e-4	3.4164185462435935e-4
FOXF2_MOUSE.H11MO.0.D	3.286741141284924e-4	3.286741141284924e-4	3.286741141284924e-4	3.286741141284924e-4	3.286741141284924e-4
FOXI1_MOUSE.H11MO.0.B	1.3358768909739647e-3	1.3358768909739647e-3	1.3358768909739647e-3	1.3358768909739647e-3	1.3358768909739647e-3
FOXJ2_MOUSE.H11MO.0.C	3.6374602178482077e-4	3.6374602178482077e-4	3.6374602178482077e-4	3.6374602178482077e-4	3.6374602178482077e-4
FOXJ3_MOUSE.H11MO.0.A	3.2689491033303334e-4	3.2689491033303334e-4	3.2689491033303334e-4	3.2689491033303334e-4	3.2689491033303334e-4
FOXJ3_MOUSE.H11MO.1.B	3.1247632134667107e-4	3.1247632134667107e-4	3.1247632134667107e-4	3.1247632134667107e-4	3.1247632134667107e-4
FOXK1_MOUSE.H11MO.0.A	3.967709281406584e-4	3.967709281406584e-4	3.967709281406584e-4	3.967709281406584e-4	3.967709281406584e-4
FOXL2_MOUSE.H11MO.0.C	3.3735239462276157e-4	3.3735239462276157e-4	3.3735239462276157e-4	3.3735239462276157e-4	3.3735239462276157e-4
FOXM1_MOUSE.H11MO.0.B	6.004783408192526e-4	6.004783408192526e-4	6.004783408192526e-4	6.004783408192526e-4	6.004783408192526e-4
FOXO1_MOUSE.H11MO.0.A	4.091740533962001e-4	4.091740533962001e-4	4.091740533962001e-4	4.091740533962001e-4	4.091740533962001e-4
FOXO3_MOUSE.H11MO.0.B	3.748448807840767e-4	3.748448807840767e-4	3.748448807840767e-4	3.748448807840767e-4	3.748448807840767e-4
FOXO4_MOUSE.H11MO.0.C	3.2142851110900957e-4	3.2142851110900957e-4	3.2142851110900957e-4	3.2142851110900957e-4	3.2142851110900957e-4
FOXP2_MOUSE.H11MO.0.A	3.2736184338306534e-4	3.2736184338306534e-4	3.2736184338306534e-4	3.2736184338306534e-4	3.2736184338306534e-4
FOXP3_MOUSE.H11MO.0.D	2.057380701398212e-4	2.057380701398212e-4	2.057380701398212e-4	2.057380701398212e-4	2.057380701398212e-4
FOXQ1_MOUSE.H11MO.0.C	1.0867422487921506e-4	1.0867422487921506e-4	1.0867422487921506e-4	1.0867422487921506e-4	1.0867422487921506e-4
FUBP1_MOUSE.H11MO.0.D	2.801683919031693e-4	2.801683919031693e-4	2.801683919031693e-4	2.801683919031693e-4	2.801683919031693e-4
GABPA_MOUSE.H11MO.0.A	1.979251400678166e-3	1.979251400678166e-3	1.979251400678166e-3	1.979251400678166e-3	1.979251400678166e-3
GATA1_MOUSE.H11MO.0.A	1.1522374159212657e-3	1.1522374159212657e-3	1.1522374159212657e-3	1.1522374159212657e-3	1.1522374159212657e-3
GATA1_MOUSE.H11MO.1.A	1.4045817740291526e-3	1.4045817740291526e-3	1.4045817740291526e-3	1.4045817740291526e-3	1.4045817740291526e-3
GATA2_MOUSE.H11MO.0.A	1.0807438100752704e-3	1.0807438100752704e-3	1.0807438100752704e-3	1.0807438100752704e-3	1.0807438100752704e-3
GATA3_MOUSE.H11MO.0.A	8.821997470398224e-4	8.821997470398224e-4	8.821997470398224e-4	8.821997470398224e-4	8.821997470398224e-4
GATA4_MOUSE.H11MO.0.A	1.037198109019984e-3	1.037198109019984e-3	1.037198109019984e-3	1.037198109019984e-3	1.037198109019984e-3
GATA5_MOUSE.H11MO.0.D	3.682100874478935e-4	3.682100874478935e-4	3.682100874478935e-4	3.682100874478935e-4	3.682100874478935e-4
GATA6_MOUSE.H11MO.0.A	1.4291858877076924e-3	1.4291858877076924e-3	1.4291858877076924e-3	1.4291858877076924e-3	1.4291858877076924e-3
GCM1_MOUSE.H11MO.0.D	2.247333095075916e-4	2.247333095075916e-4	2.247333095075916e-4	2.247333095075916e-4	2.247333095075916e-4
GCR_MOUSE.H11MO.0.A	5.478075275068686e-4	5.478075275068686e-4	5.478075275068686e-4	5.478075275068686e-4	5.478075275068686e-4
GCR_MOUSE.H11MO.1.A	6.638727838362717e-4	6.638727838362717e-4	6.638727838362717e-4	6.638727838362717e-4	6.638727838362717e-4
GFI1_MOUSE.H11MO.0.C	3.170987357096566e-4	3.170987357096566e-4	3.170987357096566e-4	3.170987357096566e-4	3.170987357096566e-4
GFI1B_MOUSE.H11MO.0.A	5.551907317822556e-4	5.551907317822556e-4	5.551907317822556e-4	5.551907317822556e-4	5.551907317822556e-4
GLI1_MOUSE.H11MO.0.C	7.235223331007937e-4	7.235223331007937e-4	7.235223331007937e-4	7.235223331007937e-4	7.235223331007937e-4
GLI2_MOUSE.H11MO.0.D	6.534095742421895e-5	6.534095742421895e-5	6.534095742421895e-5	6.534095742421895e-5	6.534095742421895e-5
GLI3_MOUSE.H11MO.0.D	7.139651082843423e-4	7.139651082843423e-4	7.139651082843423e-4	7.139651082843423e-4	7.139651082843423e-4
GLIS3_MOUSE.H11MO.0.D	2.603020263355104e-4	2.603020263355104e-4	2.603020263355104e-4	2.603020263355104e-4	2.603020263355104e-4
GRHL2_MOUSE.H11MO.0.A	4.245800205713124e-4	4.245800205713124e-4	4.245800205713124e-4	4.245800205713124e-4	4.245800205713124e-4
HAND1_MOUSE.H11MO.0.C	9.821749270942553e-4	9.821749270942553e-4	9.821749270942553e-4	9.821749270942553e-4	9.821749270942553e-4
HAND1_MOUSE.H11MO.1.C	1.8082082972472953e-3	1.8082082972472953e-3	1.8082082972472953e-3	1.8082082972472953e-3	1.8082082972472953e-3
HBP1_MOUSE.H11MO.0.D	1.659156733347991e-4	1.659156733347991e-4	1.659156733347991e-4	1.659156733347991e-4	1.659156733347991e-4
HEN1_MOUSE.H11MO.0.C	1.3168520839050867e-3	1.3168520839050867e-3	1.3168520839050867e-3	1.3168520839050867e-3	1.3168520839050867e-3
HES1_MOUSE.H11MO.0.D	5.792236875331942e-4	5.792236875331942e-4	5.792236875331942e-4	5.792236875331942e-4	5.792236875331942e-4
HESX1_MOUSE.H11MO.0.D	3.1671019116130385e-4	3.1671019116130385e-4	3.1671019116130385e-4	3.1671019116130385e-4	3.1671019116130385e-4
HEY2_MOUSE.H11MO.0.D	8.852042974906232e-4	8.852042974906232e-4	8.852042974906232e-4	8.852042974906232e-4	8.852042974906232e-4
HIC1_MOUSE.H11MO.0.C	2.7031376704273776e-4	2.7031376704273776e-4	2.7031376704273776e-4	2.7031376704273776e-4	2.7031376704273776e-4
HIF1A_MOUSE.H11MO.0.C	2.4154157628325902e-4	2.4154157628325902e-4	2.4154157628325902e-4	2.4154157628325902e-4	2.4154157628325902e-4
HINFP_MOUSE.H11MO.0.C	1.636377840568293e-4	1.636377840568293e-4	1.636377840568293e-4	1.636377840568293e-4	1.636377840568293e-4
HLF_MOUSE.H11MO.0.C	1.9587041757862896e-4	1.9587041757862896e-4	1.9587041757862896e-4	1.9587041757862896e-4	1.9587041757862896e-4
HLTF_MOUSE.H11MO.0.D	5.682366809564447e-4	5.682366809564447e-4	5.682366809564447e-4	5.682366809564447e-4	5.682366809564447e-4
HMGA1_MOUSE.H11MO.0.D	2.0335482378624247e-4	2.0335482378624247e-4	2.0335482378624247e-4	2.0335482378624247e-4	2.0335482378624247e-4
HMGA2_MOUSE.H11MO.0.D	6.891718110900237e-5	6.891718110900237e-5	6.891718110900237e-5	6.891718110900237e-5	6.891718110900237e-5
HNF1A_MOUSE.H11MO.0.A	2.1573165686606733e-4	2.1573165686606733e-4	2.1573165686606733e-4	2.1573165686606733e-4	2.1573165686606733e-4
HNF1B_MOUSE.H11MO.0.A	2.1552356936212832e-4	2.1552356936212832e-4	2.1552356936212832e-4	2.1552356936212832e-4	2.1552356936212832e-4
HNF1B_MOUSE.H11MO.1.A	2.4423465622397145e-4	2.4423465622397145e-4	2.4423465622397145e-4	2.4423465622397145e-4	2.4423465622397145e-4
HNF4A_MOUSE.H11MO.0.A	1.0019585334666821e-3	1.0019585334666821e-3	1.0019585334666821e-3	1.0019585334666821e-3	1.0019585334666821e-3
HNF4G_MOUSE.H11MO.0.C	9.340219597749436e-4	9.340219597749436e-4	9.340219597749436e-4	9.340219597749436e-4	9.340219597749436e-4
HNF6_MOUSE.H11MO.0.A	7.176526746401173e-5	7.176526746401173e-5	7.176526746401173e-5	7.176526746401173e-5	7.176526746401173e-5
HSF1_MOUSE.H11MO.0.A	5.424621049243414e-4	5.424621049243414e-4	5.424621049243414e-4	5.424621049243414e-4	5.424621049243414e-4
HSF1_MOUSE.H11MO.1.A	5.125888903091316e-4	5.125888903091316e-4	5.125888903091316e-4	5.125888903091316e-4	5.125888903091316e-4
HSF2_MOUSE.H11MO.0.A	2.61339118043435e-4	2.61339118043435e-4	2.61339118043435e-4	2.61339118043435e-4	2.61339118043435e-4
HTF4_MOUSE.H11MO.0.A	1.1825370500670466e-3	1.1825370500670466e-3	1.1825370500670466e-3	1.1825370500670466e-3	1.1825370500670466e-3
HXA10_MOUSE.H11MO.0.C	1.303418714175831e-4	1.303418714175831e-4	1.303418714175831e-4	1.303418714175831e-4	1.303418714175831e-4
HXA13_MOUSE.H11MO.0.C	1.977920866124491e-4	1.977920866124491e-4	1.977920866124491e-4	1.977920866124491e-4	1.977920866124491e-4
HXA1_MOUSE.H11MO.0.C	2.938226170134363e-4	2.938226170134363e-4	2.938226170134363e-4	2.938226170134363e-4	2.938226170134363e-4
HXA5_MOUSE.H11MO.0.D	8.849447443334546e-5	8.849447443334546e-5	8.849447443334546e-5	8.849447443334546e-5	8.849447443334546e-5
HXA7_MOUSE.H11MO.0.D	1.3417660031563917e-4	1.3417660031563917e-4	1.3417660031563917e-4	1.3417660031563917e-4	1.3417660031563917e-4
HXA9_MOUSE.H11MO.0.B	1.5648004779216917e-4	1.5648004779216917e-4	1.5648004779216917e-4	1.5648004779216917e-4	1.5648004779216917e-4
HXB1_MOUSE.H11MO.0.D	1.4851127525488257e-4	1.4851127525488257e-4	1.4851127525488257e-4	1.4851127525488257e-4	1.4851127525488257e-4
HXB4_MOUSE.H11MO.0.A	1.7242690057932698e-4	1.7242690057932698e-4	1.7242690057932698e-4	1.7242690057932698e-4	1.7242690057932698e-4
HXB6_MOUSE.H11MO.0.D	1.500887168518767e-4	1.500887168518767e-4	1.500887168518767e-4	1.500887168518767e-4	1.500887168518767e-4
HXB7_MOUSE.H11MO.0.C	1.1065857703092124e-4	1.1065857703092124e-4	1.1065857703092124e-4	1.1065857703092124e-4	1.1065857703092124e-4
HXB8_MOUSE.H11MO.0.C	7.034762639859365e-5	7.034762639859365e-5	7.034762639859365e-5	7.034762639859365e-5	7.034762639859365e-5
HXC6_MOUSE.H11MO.0.D	7.260100301798231e-5	7.260100301798231e-5	7.260100301798231e-5	7.260100301798231e-5	7.260100301798231e-5
HXC8_MOUSE.H11MO.0.D	1.393156430640488e-4	1.393156430640488e-4	1.393156430640488e-4	1.393156430640488e-4	1.393156430640488e-4
HXD10_MOUSE.H11MO.0.D	2.2618094425771803e-4	2.2618094425771803e-4	2.2618094425771803e-4	2.2618094425771803e-4	2.2618094425771803e-4
HXD13_MOUSE.H11MO.0.D	1.637022123290427e-4	1.637022123290427e-4	1.637022123290427e-4	1.637022123290427e-4	1.637022123290427e-4
HXD4_MOUSE.H11MO.0.D	1.668418331139894e-4	1.668418331139894e-4	1.668418331139894e-4	1.668418331139894e-4	1.668418331139894e-4
HXD9_MOUSE.H11MO.0.D	2.2175616634737553e-4	2.2175616634737553e-4	2.2175616634737553e-4	2.2175616634737553e-4	2.2175616634737553e-4
IKZF1_MOUSE.H11MO.0.C	8.117701748828599e-4	8.117701748828599e-4	8.117701748828599e-4	8.117701748828599e-4	8.117701748828599e-4
INSM1_MOUSE.H11MO.0.C	4.5149046839571195e-4	4.5149046839571195e-4	4.5149046839571195e-4	4.5149046839571195e-4	4.5149046839571195e-4
IRF1_MOUSE.H11MO.0.A	6.520108886808232e-4	6.520108886808232e-4	6.520108886808232e-4	6.520108886808232e-4	6.520108886808232e-4
IRF2_MOUSE.H11MO.0.B	7.711842696349392e-4	7.711842696349392e-4	7.711842696349392e-4	7.711842696349392e-4	7.711842696349392e-4
IRF3_MOUSE.H11MO.0.A	1.6541120639110261e-3	1.6541120639110261e-3	1.6541120639110261e-3	1.6541120639110261e-3	1.6541120639110261e-3
IRF4_MOUSE.H11MO.0.A	9.377267543656069e-4	9.377267543656069e-4	9.377267543656069e-4	9.377267543656069e-4	9.377267543656069e-4
IRF5_MOUSE.H11MO.0.D	1.5462374343380166e-4	1.5462374343380166e-4	1.5462374343380166e-4	1.5462374343380166e-4	1.5462374343380166e-4
IRF7_MOUSE.H11MO.0.C	3.2174562462179154e-4	3.2174562462179154e-4	3.2174562462179154e-4	3.2174562462179154e-4	3.2174562462179154e-4
IRF8_MOUSE.H11MO.0.A	1.0155353212001803e-3	1.0155353212001803e-3	1.0155353212001803e-3	1.0155353212001803e-3	1.0155353212001803e-3
IRF9_MOUSE.H11MO.0.C	6.734629689572356e-5	6.734629689572356e-5	6.734629689572356e-5	6.734629689572356e-5	6.734629689572356e-5
ISL1_MOUSE.H11MO.0.A	1.9925411530897347e-4	1.9925411530897347e-4	1.9925411530897347e-4	1.9925411530897347e-4	1.9925411530897347e-4
ITF2_MOUSE.H11MO.0.B	4.569041164753596e-4	4.569041164753596e-4	4.569041164753596e-4	4.569041164753596e-4	4.569041164753596e-4
JUN_MOUSE.H11MO.0.A	1.1510663112369918e-3	1.1510663112369918e-3	1.1510663112369918e-3	1.1510663112369918e-3	1.1510663112369918e-3
JUNB_MOUSE.H11MO.0.A	1.149940389931828e-3	1.149940389931828e-3	1.149940389931828e-3	1.149940389931828e-3	1.149940389931828e-3
JUND_MOUSE.H11MO.0.A	1.1530246759451275e-3	1.1530246759451275e-3	1.1530246759451275e-3	1.1530246759451275e-3	1.1530246759451275e-3
KAISO_MOUSE.H11MO.0.B	6.094717591788698e-4	6.094717591788698e-4	6.094717591788698e-4	6.094717591788698e-4	6.094717591788698e-4
KAISO_MOUSE.H11MO.1.B	4.7190772324431793e-4	4.7190772324431793e-4	4.7190772324431793e-4	4.7190772324431793e-4	4.7190772324431793e-4
KAISO_MOUSE.H11MO.2.B	4.6079649866422046e-4	4.6079649866422046e-4	4.6079649866422046e-4	4.6079649866422046e-4	4.6079649866422046e-4
KLF15_MOUSE.H11MO.0.A	4.173864280291778e-3	4.173864280291778e-3	4.173864280291778e-3	4.173864280291778e-3	4.173864280291778e-3
KLF1_MOUSE.H11MO.0.A	3.1779322427830017e-3	3.1779322427830017e-3	3.1779322427830017e-3	3.1779322427830017e-3	3.1779322427830017e-3
KLF3_MOUSE.H11MO.0.A	4.590373097207962e-3	4.590373097207962e-3	4.590373097207962e-3	4.590373097207962e-3	4.590373097207962e-3
KLF4_MOUSE.H11MO.0.A	2.759910193628294e-3	2.759910193628294e-3	2.759910193628294e-3	2.759910193628294e-3	2.759910193628294e-3
KLF5_MOUSE.H11MO.0.A	3.3893710352246973e-3	3.3893710352246973e-3	3.3893710352246973e-3	3.3893710352246973e-3	3.3893710352246973e-3
KLF6_MOUSE.H11MO.0.B	4.113334175525056e-3	4.113334175525056e-3	4.113334175525056e-3	4.113334175525056e-3	4.113334175525056e-3
KLF8_MOUSE.H11MO.0.C	8.390079331482834e-4	8.390079331482834e-4	8.390079331482834e-4	8.390079331482834e-4	8.390079331482834e-4
LEF1_MOUSE.H11MO.0.B	6.596753194493274e-4	6.596753194493274e-4	6.596753194493274e-4	6.596753194493274e-4	6.596753194493274e-4
LHX2_MOUSE.H11MO.0.A	1.91713042069285e-4	1.91713042069285e-4	1.91713042069285e-4	1.91713042069285e-4	1.91713042069285e-4
LHX3_MOUSE.H11MO.0.C	1.3905213043305186e-4	1.3905213043305186e-4	1.3905213043305186e-4	1.3905213043305186e-4	1.3905213043305186e-4
LHX6_MOUSE.H11MO.0.C	3.9434992701980565e-4	3.9434992701980565e-4	3.9434992701980565e-4	3.9434992701980565e-4	3.9434992701980565e-4
LYL1_MOUSE.H11MO.0.A	1.4088368227362542e-3	1.4088368227362542e-3	1.4088368227362542e-3	1.4088368227362542e-3	1.4088368227362542e-3
MAF_MOUSE.H11MO.0.A	7.110944001679606e-4	7.110944001679606e-4	7.110944001679606e-4	7.110944001679606e-4	7.110944001679606e-4
MAF_MOUSE.H11MO.1.A	9.638373643593139e-4	9.638373643593139e-4	9.638373643593139e-4	9.638373643593139e-4	9.638373643593139e-4
MAFA_MOUSE.H11MO.0.D	1.0147678189456706e-3	1.0147678189456706e-3	1.0147678189456706e-3	1.0147678189456706e-3	1.0147678189456706e-3
MAFB_MOUSE.H11MO.0.B	7.535367561938561e-4	7.535367561938561e-4	7.535367561938561e-4	7.535367561938561e-4	7.535367561938561e-4
MAFF_MOUSE.H11MO.0.A	7.263797402412722e-4	7.263797402412722e-4	7.263797402412722e-4	7.263797402412722e-4	7.263797402412722e-4
MAFF_MOUSE.H11MO.1.A	1.004959786814378e-3	1.004959786814378e-3	1.004959786814378e-3	1.004959786814378e-3	1.004959786814378e-3
MAFG_MOUSE.H11MO.0.A	6.728128579399907e-4	6.728128579399907e-4	6.728128579399907e-4	6.728128579399907e-4	6.728128579399907e-4
MAFG_MOUSE.H11MO.1.A	1.0969624925984064e-3	1.0969624925984064e-3	1.0969624925984064e-3	1.0969624925984064e-3	1.0969624925984064e-3
MAFK_MOUSE.H11MO.0.A	8.967379735836032e-4	8.967379735836032e-4	8.967379735836032e-4	8.967379735836032e-4	8.967379735836032e-4
MAFK_MOUSE.H11MO.1.A	1.112106379861598e-3	1.112106379861598e-3	1.112106379861598e-3	1.112106379861598e-3	1.112106379861598e-3
MAX_MOUSE.H11MO.0.A	4.3700965428373963e-4	4.3700965428373963e-4	4.3700965428373963e-4	4.3700965428373963e-4	4.3700965428373963e-4
MAZ_MOUSE.H11MO.0.A	4.86169548630101e-3	4.86169548630101e-3	4.86169548630101e-3	4.86169548630101e-3	4.86169548630101e-3
MAZ_MOUSE.H11MO.1.A	2.9737352560092957e-3	2.9737352560092957e-3	2.9737352560092957e-3	2.9737352560092957e-3	2.9737352560092957e-3
MBD2_MOUSE.H11MO.0.B	9.12328808105413e-4	9.12328808105413e-4	9.12328808105413e-4	9.12328808105413e-4	9.12328808105413e-4
MCR_MOUSE.H11MO.0.D	4.6448212032606346e-4	4.6448212032606346e-4	4.6448212032606346e-4	4.6448212032606346e-4	4.6448212032606346e-4
MECP2_MOUSE.H11MO.0.C	1.023852453456453e-3	1.023852453456453e-3	1.023852453456453e-3	1.023852453456453e-3	1.023852453456453e-3
MEF2A_MOUSE.H11MO.0.A	2.9518364212625394e-4	2.9518364212625394e-4	2.9518364212625394e-4	2.9518364212625394e-4	2.9518364212625394e-4
MEF2C_MOUSE.H11MO.0.A	2.9384087516847726e-4	2.9384087516847726e-4	2.9384087516847726e-4	2.9384087516847726e-4	2.9384087516847726e-4
MEF2D_MOUSE.H11MO.0.A	2.8567687586880663e-4	2.8567687586880663e-4	2.8567687586880663e-4	2.8567687586880663e-4	2.8567687586880663e-4
MEIS1_MOUSE.H11MO.0.A	1.399594096946374e-4	1.399594096946374e-4	1.399594096946374e-4	1.399594096946374e-4	1.399594096946374e-4
MEIS1_MOUSE.H11MO.1.A	7.051462921321052e-4	7.051462921321052e-4	7.051462921321052e-4	7.051462921321052e-4	7.051462921321052e-4
MEIS2_MOUSE.H11MO.0.B	4.7382117437299773e-4	4.7382117437299773e-4	4.7382117437299773e-4	4.7382117437299773e-4	4.7382117437299773e-4
MITF_MOUSE.H11MO.0.A	6.680829398996908e-4	6.680829398996908e-4	6.680829398996908e-4	6.680829398996908e-4	6.680829398996908e-4
MLXPL_MOUSE.H11MO.0.D	4.189387237335232e-4	4.189387237335232e-4	4.189387237335232e-4	4.189387237335232e-4	4.189387237335232e-4
MSGN1_MOUSE.H11MO.0.C	4.006439880529682e-4	4.006439880529682e-4	4.006439880529682e-4	4.006439880529682e-4	4.006439880529682e-4
MSX2_MOUSE.H11MO.0.D	1.4537793202371388e-4	1.4537793202371388e-4	1.4537793202371388e-4	1.4537793202371388e-4	1.4537793202371388e-4
MSX3_MOUSE.H11MO.0.D	1.0155833751819646e-4	1.0155833751819646e-4	1.0155833751819646e-4	1.0155833751819646e-4	1.0155833751819646e-4
MTF1_MOUSE.H11MO.0.C	4.989307724096927e-4	4.989307724096927e-4	4.989307724096927e-4	4.989307724096927e-4	4.989307724096927e-4
MXI1_MOUSE.H11MO.0.A	6.291921791207673e-4	6.291921791207673e-4	6.291921791207673e-4	6.291921791207673e-4	6.291921791207673e-4
MXI1_MOUSE.H11MO.1.A	2.5595910209078265e-4	2.5595910209078265e-4	2.5595910209078265e-4	2.5595910209078265e-4	2.5595910209078265e-4
MYB_MOUSE.H11MO.0.A	4.227594352398099e-4	4.227594352398099e-4	4.227594352398099e-4	4.227594352398099e-4	4.227594352398099e-4
MYBA_MOUSE.H11MO.0.C	3.332921643901464e-4	3.332921643901464e-4	3.332921643901464e-4	3.332921643901464e-4	3.332921643901464e-4
MYBB_MOUSE.H11MO.0.D	2.3093593114167801e-4	2.3093593114167801e-4	2.3093593114167801e-4	2.3093593114167801e-4	2.3093593114167801e-4
MYC_MOUSE.H11MO.0.A	4.541347384962114e-4	4.541347384962114e-4	4.541347384962114e-4	4.541347384962114e-4	4.541347384962114e-4
MYCN_MOUSE.H11MO.0.A	4.389538907242231e-4	4.389538907242231e-4	4.389538907242231e-4	4.389538907242231e-4	4.389538907242231e-4
MYF5_MOUSE.H11MO.0.D	9.549971489005015e-4	9.549971489005015e-4	9.549971489005015e-4	9.549971489005015e-4	9.549971489005015e-4
MYF6_MOUSE.H11MO.0.C	1.994263204438719e-3	1.994263204438719e-3	1.994263204438719e-3	1.994263204438719e-3	1.994263204438719e-3
MYOD1_MOUSE.H11MO.0.A	1.117148602511671e-3	1.117148602511671e-3	1.117148602511671e-3	1.117148602511671e-3	1.117148602511671e-3
MYOD1_MOUSE.H11MO.1.A	1.1059144018979675e-3	1.1059144018979675e-3	1.1059144018979675e-3	1.1059144018979675e-3	1.1059144018979675e-3
MYOG_MOUSE.H11MO.0.A	1.2044508971431008e-3	1.2044508971431008e-3	1.2044508971431008e-3	1.2044508971431008e-3	1.2044508971431008e-3
NANOG_MOUSE.H11MO.0.A	3.9153489275194764e-4	3.9153489275194764e-4	3.9153489275194764e-4	3.9153489275194764e-4	3.9153489275194764e-4
NANOG_MOUSE.H11MO.1.A	3.030607481378194e-4	3.030607481378194e-4	3.030607481378194e-4	3.030607481378194e-4	3.030607481378194e-4
NDF1_MOUSE.H11MO.0.A	6.798104826399296e-4	6.798104826399296e-4	6.798104826399296e-4	6.798104826399296e-4	6.798104826399296e-4
NDF2_MOUSE.H11MO.0.A	7.449199274100642e-4	7.449199274100642e-4	7.449199274100642e-4	7.449199274100642e-4	7.449199274100642e-4
NF2L1_MOUSE.H11MO.0.C	5.925487904199794e-4	5.925487904199794e-4	5.925487904199794e-4	5.925487904199794e-4	5.925487904199794e-4
NF2L2_MOUSE.H11MO.0.A	8.678271834391678e-4	8.678271834391678e-4	8.678271834391678e-4	8.678271834391678e-4	8.678271834391678e-4
NFAC1_MOUSE.H11MO.0.A	5.160375019950111e-4	5.160375019950111e-4	5.160375019950111e-4	5.160375019950111e-4	5.160375019950111e-4
NFAC1_MOUSE.H11MO.1.A	4.6379631583370824e-4	4.6379631583370824e-4	4.6379631583370824e-4	4.6379631583370824e-4	4.6379631583370824e-4
NFAC2_MOUSE.H11MO.0.C	3.012464784081175e-4	3.012464784081175e-4	3.012464784081175e-4	3.012464784081175e-4	3.012464784081175e-4
NFAC2_MOUSE.H11MO.1.C	4.872265748842712e-4	4.872265748842712e-4	4.872265748842712e-4	4.872265748842712e-4	4.872265748842712e-4
NFAC3_MOUSE.H11MO.0.B	2.953033981991592e-4	2.953033981991592e-4	2.953033981991592e-4	2.953033981991592e-4	2.953033981991592e-4
NFAC4_MOUSE.H11MO.0.C	3.000768372385555e-4	3.000768372385555e-4	3.000768372385555e-4	3.000768372385555e-4	3.000768372385555e-4
NFAT5_MOUSE.H11MO.0.D	3.2275310037112206e-4	3.2275310037112206e-4	3.2275310037112206e-4	3.2275310037112206e-4	3.2275310037112206e-4
NFE2_MOUSE.H11MO.0.A	9.068149905185147e-4	9.068149905185147e-4	9.068149905185147e-4	9.068149905185147e-4	9.068149905185147e-4
NFIA_MOUSE.H11MO.0.C	5.866396125919505e-4	5.866396125919505e-4	5.866396125919505e-4	5.866396125919505e-4	5.866396125919505e-4
NFIA_MOUSE.H11MO.1.D	4.1452242758757186e-4	4.1452242758757186e-4	4.1452242758757186e-4	4.1452242758757186e-4	4.1452242758757186e-4
NFIB_MOUSE.H11MO.0.C	7.530109241492893e-4	7.530109241492893e-4	7.530109241492893e-4	7.530109241492893e-4	7.530109241492893e-4
NFIC_MOUSE.H11MO.0.A	4.941652993055937e-4	4.941652993055937e-4	4.941652993055937e-4	4.941652993055937e-4	4.941652993055937e-4
NFIC_MOUSE.H11MO.1.A	9.815772387413897e-4	9.815772387413897e-4	9.815772387413897e-4	9.815772387413897e-4	9.815772387413897e-4
NFIL3_MOUSE.H11MO.0.C	1.7434230015846071e-4	1.7434230015846071e-4	1.7434230015846071e-4	1.7434230015846071e-4	1.7434230015846071e-4
NFKB1_MOUSE.H11MO.0.A	4.26449361477484e-4	4.26449361477484e-4	4.26449361477484e-4	4.26449361477484e-4	4.26449361477484e-4
NFKB2_MOUSE.H11MO.0.C	4.401960048661545e-4	4.401960048661545e-4	4.401960048661545e-4	4.401960048661545e-4	4.401960048661545e-4
NFYA_MOUSE.H11MO.0.A	1.768168676523985e-3	1.768168676523985e-3	1.768168676523985e-3	1.768168676523985e-3	1.768168676523985e-3
NFYB_MOUSE.H11MO.0.A	1.7387821629555337e-3	1.7387821629555337e-3	1.7387821629555337e-3	1.7387821629555337e-3	1.7387821629555337e-3
NFYC_MOUSE.H11MO.0.B	1.7179515304628407e-3	1.7179515304628407e-3	1.7179515304628407e-3	1.7179515304628407e-3	1.7179515304628407e-3
NGN2_MOUSE.H11MO.0.C	8.076890371063167e-4	8.076890371063167e-4	8.076890371063167e-4	8.076890371063167e-4	8.076890371063167e-4
NKX21_MOUSE.H11MO.0.A	3.536810647381567e-4	3.536810647381567e-4	3.536810647381567e-4	3.536810647381567e-4	3.536810647381567e-4
NKX22_MOUSE.H11MO.0.A	5.290300069369638e-4	5.290300069369638e-4	5.290300069369638e-4	5.290300069369638e-4	5.290300069369638e-4
NKX25_MOUSE.H11MO.0.A	3.9982739801719077e-4	3.9982739801719077e-4	3.9982739801719077e-4	3.9982739801719077e-4	3.9982739801719077e-4
NKX28_MOUSE.H11MO.0.C	5.538542800426704e-4	5.538542800426704e-4	5.538542800426704e-4	5.538542800426704e-4	5.538542800426704e-4
NKX31_MOUSE.H11MO.0.C	2.553592888347297e-4	2.553592888347297e-4	2.553592888347297e-4	2.553592888347297e-4	2.553592888347297e-4
NKX32_MOUSE.H11MO.0.B	1.9665035807073805e-4	1.9665035807073805e-4	1.9665035807073805e-4	1.9665035807073805e-4	1.9665035807073805e-4
NKX61_MOUSE.H11MO.0.A	2.476128606481878e-4	2.476128606481878e-4	2.476128606481878e-4	2.476128606481878e-4	2.476128606481878e-4
NKX61_MOUSE.H11MO.1.A	1.2828585871051297e-4	1.2828585871051297e-4	1.2828585871051297e-4	1.2828585871051297e-4	1.2828585871051297e-4
NOBOX_MOUSE.H11MO.0.C	2.0462288737266507e-4	2.0462288737266507e-4	2.0462288737266507e-4	2.0462288737266507e-4	2.0462288737266507e-4
NR0B1_MOUSE.H11MO.0.D	5.065734451576878e-4	5.065734451576878e-4	5.065734451576878e-4	5.065734451576878e-4	5.065734451576878e-4
NR1D1_MOUSE.H11MO.0.A	1.1573759794693407e-3	1.1573759794693407e-3	1.1573759794693407e-3	1.1573759794693407e-3	1.1573759794693407e-3
NR1D1_MOUSE.H11MO.1.C	4.6620328892062386e-4	4.6620328892062386e-4	4.6620328892062386e-4	4.6620328892062386e-4	4.6620328892062386e-4
NR1D2_MOUSE.H11MO.0.A	1.1250671527973269e-3	1.1250671527973269e-3	1.1250671527973269e-3	1.1250671527973269e-3	1.1250671527973269e-3
NR1H2_MOUSE.H11MO.0.D	1.8443448676687307e-4	1.8443448676687307e-4	1.8443448676687307e-4	1.8443448676687307e-4	1.8443448676687307e-4
NR1H3_MOUSE.H11MO.0.A	1.3408801968881174e-3	1.3408801968881174e-3	1.3408801968881174e-3	1.3408801968881174e-3	1.3408801968881174e-3
NR1H3_MOUSE.H11MO.1.A	8.434215287150481e-4	8.434215287150481e-4	8.434215287150481e-4	8.434215287150481e-4	8.434215287150481e-4
NR1H3_MOUSE.H11MO.2.A	6.859109486496895e-4	6.859109486496895e-4	6.859109486496895e-4	6.859109486496895e-4	6.859109486496895e-4
NR1H4_MOUSE.H11MO.0.A	1.1184757272076618e-3	1.1184757272076618e-3	1.1184757272076618e-3	1.1184757272076618e-3	1.1184757272076618e-3
NR1H4_MOUSE.H11MO.1.A	5.65016431134073e-4	5.65016431134073e-4	5.65016431134073e-4	5.65016431134073e-4	5.65016431134073e-4
NR1I2_MOUSE.H11MO.0.C	4.110727985667239e-4	4.110727985667239e-4	4.110727985667239e-4	4.110727985667239e-4	4.110727985667239e-4
NR1I2_MOUSE.H11MO.1.D	3.352629456982937e-4	3.352629456982937e-4	3.352629456982937e-4	3.352629456982937e-4	3.352629456982937e-4
NR1I3_MOUSE.H11MO.0.C	5.259432872097725e-4	5.259432872097725e-4	5.259432872097725e-4	5.259432872097725e-4	5.259432872097725e-4
NR1I3_MOUSE.H11MO.1.D	2.5312333785719015e-4	2.5312333785719015e-4	2.5312333785719015e-4	2.5312333785719015e-4	2.5312333785719015e-4
NR2C1_MOUSE.H11MO.0.C	7.708061941246752e-4	7.708061941246752e-4	7.708061941246752e-4	7.708061941246752e-4	7.708061941246752e-4
NR2C2_MOUSE.H11MO.0.A	1.1352613491470939e-3	1.1352613491470939e-3	1.1352613491470939e-3	1.1352613491470939e-3	1.1352613491470939e-3
NR2E3_MOUSE.H11MO.0.C	4.5942008518759297e-4	4.5942008518759297e-4	4.5942008518759297e-4	4.5942008518759297e-4	4.5942008518759297e-4
NR2F6_MOUSE.H11MO.0.D	8.616428747758619e-4	8.616428747758619e-4	8.616428747758619e-4	8.616428747758619e-4	8.616428747758619e-4
NR4A1_MOUSE.H11MO.0.B	4.5422692718641837e-4	4.5422692718641837e-4	4.5422692718641837e-4	4.5422692718641837e-4	4.5422692718641837e-4
NR4A2_MOUSE.H11MO.0.C	7.005476370278384e-4	7.005476370278384e-4	7.005476370278384e-4	7.005476370278384e-4	7.005476370278384e-4
NR4A3_MOUSE.H11MO.0.D	5.516203255513017e-4	5.516203255513017e-4	5.516203255513017e-4	5.516203255513017e-4	5.516203255513017e-4
NR5A2_MOUSE.H11MO.0.A	6.389494548921353e-4	6.389494548921353e-4	6.389494548921353e-4	6.389494548921353e-4	6.389494548921353e-4
NR6A1_MOUSE.H11MO.0.D	9.631883017558514e-4	9.631883017558514e-4	9.631883017558514e-4	9.631883017558514e-4	9.631883017558514e-4
NRF1_MOUSE.H11MO.0.A	3.027382103805213e-3	3.027382103805213e-3	3.027382103805213e-3	3.027382103805213e-3	3.027382103805213e-3
OLIG2_MOUSE.H11MO.0.A	1.118965791201494e-3	1.118965791201494e-3	1.118965791201494e-3	1.118965791201494e-3	1.118965791201494e-3
OLIG2_MOUSE.H11MO.1.A	8.232316612170091e-4	8.232316612170091e-4	8.232316612170091e-4	8.232316612170091e-4	8.232316612170091e-4
ONEC2_MOUSE.H11MO.0.D	5.550042563263779e-5	5.550042563263779e-5	5.550042563263779e-5	5.550042563263779e-5	5.550042563263779e-5
OTX1_MOUSE.H11MO.0.D	4.5123699170369804e-4	4.5123699170369804e-4	4.5123699170369804e-4	4.5123699170369804e-4	4.5123699170369804e-4
OTX2_MOUSE.H11MO.0.A	2.593938976440484e-4	2.593938976440484e-4	2.593938976440484e-4	2.593938976440484e-4	2.593938976440484e-4
OVOL1_MOUSE.H11MO.0.C	2.1594611245919805e-4	2.1594611245919805e-4	2.1594611245919805e-4	2.1594611245919805e-4	2.1594611245919805e-4
OVOL2_MOUSE.H11MO.0.C	6.868349409057079e-5	6.868349409057079e-5	6.868349409057079e-5	6.868349409057079e-5	6.868349409057079e-5
P53_MOUSE.H11MO.0.A	6.624325584382029e-4	6.624325584382029e-4	6.624325584382029e-4	6.624325584382029e-4	6.624325584382029e-4
P53_MOUSE.H11MO.1.A	5.724741884640842e-4	5.724741884640842e-4	5.724741884640842e-4	5.724741884640842e-4	5.724741884640842e-4
P63_MOUSE.H11MO.0.B	6.395383459931167e-4	6.395383459931167e-4	6.395383459931167e-4	6.395383459931167e-4	6.395383459931167e-4
P63_MOUSE.H11MO.1.B	8.007820337941833e-4	8.007820337941833e-4	8.007820337941833e-4	8.007820337941833e-4	8.007820337941833e-4
P73_MOUSE.H11MO.0.B	6.205525525393238e-4	6.205525525393238e-4	6.205525525393238e-4	6.205525525393238e-4	6.205525525393238e-4
P73_MOUSE.H11MO.1.B	6.244261099199141e-4	6.244261099199141e-4	6.244261099199141e-4	6.244261099199141e-4	6.244261099199141e-4
PAX2_MOUSE.H11MO.0.D	2.0261845652820617e-4	2.0261845652820617e-4	2.0261845652820617e-4	2.0261845652820617e-4	2.0261845652820617e-4
PAX3_MOUSE.H11MO.0.D	1.6991915391295365e-4	1.6991915391295365e-4	1.6991915391295365e-4	1.6991915391295365e-4	1.6991915391295365e-4
PAX5_MOUSE.H11MO.0.A	5.81871655338117e-4	5.81871655338117e-4	5.81871655338117e-4	5.81871655338117e-4	5.81871655338117e-4
PAX6_MOUSE.H11MO.0.C	2.8254601378993865e-4	2.8254601378993865e-4	2.8254601378993865e-4	2.8254601378993865e-4	2.8254601378993865e-4
PAX8_MOUSE.H11MO.0.D	2.647468182336491e-4	2.647468182336491e-4	2.647468182336491e-4	2.647468182336491e-4	2.647468182336491e-4
PBX1_MOUSE.H11MO.0.A	7.468423888706418e-4	7.468423888706418e-4	7.468423888706418e-4	7.468423888706418e-4	7.468423888706418e-4
PBX1_MOUSE.H11MO.1.A	1.410331088847345e-3	1.410331088847345e-3	1.410331088847345e-3	1.410331088847345e-3	1.410331088847345e-3
PBX1_MOUSE.H11MO.2.C	1.9366012286673449e-4	1.9366012286673449e-4	1.9366012286673449e-4	1.9366012286673449e-4	1.9366012286673449e-4
PBX2_MOUSE.H11MO.0.C	1.9847294655684242e-4	1.9847294655684242e-4	1.9847294655684242e-4	1.9847294655684242e-4	1.9847294655684242e-4
PBX3_MOUSE.H11MO.0.A	1.1865675376775515e-3	1.1865675376775515e-3	1.1865675376775515e-3	1.1865675376775515e-3	1.1865675376775515e-3
PDX1_MOUSE.H11MO.0.B	2.2820390241725725e-4	2.2820390241725725e-4	2.2820390241725725e-4	2.2820390241725725e-4	2.2820390241725725e-4
PEBB_MOUSE.H11MO.0.C	7.350897932023802e-4	7.350897932023802e-4	7.350897932023802e-4	7.350897932023802e-4	7.350897932023802e-4
PIT1_MOUSE.H11MO.0.C	1.4475719558816879e-4	1.4475719558816879e-4	1.4475719558816879e-4	1.4475719558816879e-4	1.4475719558816879e-4
PITX1_MOUSE.H11MO.0.C	3.2362170900946644e-4	3.2362170900946644e-4	3.2362170900946644e-4	3.2362170900946644e-4	3.2362170900946644e-4
PITX2_MOUSE.H11MO.0.D	1.8792426853601863e-4	1.8792426853601863e-4	1.8792426853601863e-4	1.8792426853601863e-4	1.8792426853601863e-4
PKNX1_MOUSE.H11MO.0.A	8.007031608242187e-4	8.007031608242187e-4	8.007031608242187e-4	8.007031608242187e-4	8.007031608242187e-4
PLAG1_MOUSE.H11MO.0.D	1.3124019914146042e-3	1.3124019914146042e-3	1.3124019914146042e-3	1.3124019914146042e-3	1.3124019914146042e-3
PO2F1_MOUSE.H11MO.0.C	3.125892666725336e-4	3.125892666725336e-4	3.125892666725336e-4	3.125892666725336e-4	3.125892666725336e-4
PO2F2_MOUSE.H11MO.0.B	3.8457911991073755e-4	3.8457911991073755e-4	3.8457911991073755e-4	3.8457911991073755e-4	3.8457911991073755e-4
PO3F1_MOUSE.H11MO.0.C	1.9819934767459748e-4	1.9819934767459748e-4	1.9819934767459748e-4	1.9819934767459748e-4	1.9819934767459748e-4
PO3F2_MOUSE.H11MO.0.A	2.0448532753372856e-4	2.0448532753372856e-4	2.0448532753372856e-4	2.0448532753372856e-4	2.0448532753372856e-4
PO3F2_MOUSE.H11MO.1.A	2.8513955872810107e-4	2.8513955872810107e-4	2.8513955872810107e-4	2.8513955872810107e-4	2.8513955872810107e-4
PO4F2_MOUSE.H11MO.0.D	2.0533986122402565e-4	2.0533986122402565e-4	2.0533986122402565e-4	2.0533986122402565e-4	2.0533986122402565e-4
PO5F1_MOUSE.H11MO.0.A	2.8141715737745217e-4	2.8141715737745217e-4	2.8141715737745217e-4	2.8141715737745217e-4	2.8141715737745217e-4
PO5F1_MOUSE.H11MO.1.A	4.1077427467832846e-4	4.1077427467832846e-4	4.1077427467832846e-4	4.1077427467832846e-4	4.1077427467832846e-4
PO6F1_MOUSE.H11MO.0.D	5.7496198957574014e-5	5.7496198957574014e-5	5.7496198957574014e-5	5.7496198957574014e-5	5.7496198957574014e-5
PPARA_MOUSE.H11MO.0.A	1.1114659092922446e-3	1.1114659092922446e-3	1.1114659092922446e-3	1.1114659092922446e-3	1.1114659092922446e-3
PPARA_MOUSE.H11MO.1.A	1.009300826500049e-3	1.009300826500049e-3	1.009300826500049e-3	1.009300826500049e-3	1.009300826500049e-3
PPARD_MOUSE.H11MO.0.D	8.884794719908908e-4	8.884794719908908e-4	8.884794719908908e-4	8.884794719908908e-4	8.884794719908908e-4
PPARG_MOUSE.H11MO.0.A	1.1358612306091118e-3	1.1358612306091118e-3	1.1358612306091118e-3	1.1358612306091118e-3	1.1358612306091118e-3
PPARG_MOUSE.H11MO.1.A	1.1217430634933127e-3	1.1217430634933127e-3	1.1217430634933127e-3	1.1217430634933127e-3	1.1217430634933127e-3
PRD14_MOUSE.H11MO.0.A	5.152049974380924e-4	5.152049974380924e-4	5.152049974380924e-4	5.152049974380924e-4	5.152049974380924e-4
PRD16_MOUSE.H11MO.0.B	1.5340481915402774e-3	1.5340481915402774e-3	1.5340481915402774e-3	1.5340481915402774e-3	1.5340481915402774e-3
PRDM1_MOUSE.H11MO.0.A	7.105353594452477e-4	7.105353594452477e-4	7.105353594452477e-4	7.105353594452477e-4	7.105353594452477e-4
PRDM5_MOUSE.H11MO.0.A	1.2098178569089429e-3	1.2098178569089429e-3	1.2098178569089429e-3	1.2098178569089429e-3	1.2098178569089429e-3
PRDM5_MOUSE.H11MO.1.A	1.1362739857116186e-3	1.1362739857116186e-3	1.1362739857116186e-3	1.1362739857116186e-3	1.1362739857116186e-3
PRDM9_MOUSE.H11MO.0.C	9.370083116571297e-4	9.370083116571297e-4	9.370083116571297e-4	9.370083116571297e-4	9.370083116571297e-4
PRGR_MOUSE.H11MO.0.A	5.174455114668846e-4	5.174455114668846e-4	5.174455114668846e-4	5.174455114668846e-4	5.174455114668846e-4
PRGR_MOUSE.H11MO.1.A	1.0776319406844703e-3	1.0776319406844703e-3	1.0776319406844703e-3	1.0776319406844703e-3	1.0776319406844703e-3
PROP1_MOUSE.H11MO.0.C	1.5385576478972487e-4	1.5385576478972487e-4	1.5385576478972487e-4	1.5385576478972487e-4	1.5385576478972487e-4
PRRX1_MOUSE.H11MO.0.D	2.8377305586283494e-4	2.8377305586283494e-4	2.8377305586283494e-4	2.8377305586283494e-4	2.8377305586283494e-4
PRRX2_MOUSE.H11MO.0.C	2.5017955889982215e-4	2.5017955889982215e-4	2.5017955889982215e-4	2.5017955889982215e-4	2.5017955889982215e-4
PTF1A_MOUSE.H11MO.0.A	1.478339983799498e-3	1.478339983799498e-3	1.478339983799498e-3	1.478339983799498e-3	1.478339983799498e-3
PTF1A_MOUSE.H11MO.1.A	1.3920562859377867e-3	1.3920562859377867e-3	1.3920562859377867e-3	1.3920562859377867e-3	1.3920562859377867e-3
PURA_MOUSE.H11MO.0.D	1.5376466372863363e-3	1.5376466372863363e-3	1.5376466372863363e-3	1.5376466372863363e-3	1.5376466372863363e-3
RARA_MOUSE.H11MO.0.A	7.322587153966551e-4	7.322587153966551e-4	7.322587153966551e-4	7.322587153966551e-4	7.322587153966551e-4
RARA_MOUSE.H11MO.1.A	1.0267812822409006e-3	1.0267812822409006e-3	1.0267812822409006e-3	1.0267812822409006e-3	1.0267812822409006e-3
RARA_MOUSE.H11MO.2.A	5.568663781135011e-4	5.568663781135011e-4	5.568663781135011e-4	5.568663781135011e-4	5.568663781135011e-4
RARA_MOUSE.H11MO.3.A	9.033180058539002e-4	9.033180058539002e-4	9.033180058539002e-4	9.033180058539002e-4	9.033180058539002e-4
RARB_MOUSE.H11MO.0.D	7.72145091869108e-4	7.72145091869108e-4	7.72145091869108e-4	7.72145091869108e-4	7.72145091869108e-4
RARG_MOUSE.H11MO.0.C	7.172891799201761e-4	7.172891799201761e-4	7.172891799201761e-4	7.172891799201761e-4	7.172891799201761e-4
RARG_MOUSE.H11MO.1.C	9.391033205416999e-4	9.391033205416999e-4	9.391033205416999e-4	9.391033205416999e-4	9.391033205416999e-4
REL_MOUSE.H11MO.0.A	5.069580635945251e-4	5.069580635945251e-4	5.069580635945251e-4	5.069580635945251e-4	5.069580635945251e-4
RELB_MOUSE.H11MO.0.C	3.9379974592924563e-4	3.9379974592924563e-4	3.9379974592924563e-4	3.9379974592924563e-4	3.9379974592924563e-4
REST_MOUSE.H11MO.0.A	1.0259295329177168e-3	1.0259295329177168e-3	1.0259295329177168e-3	1.0259295329177168e-3	1.0259295329177168e-3
RFX1_MOUSE.H11MO.0.A	1.3131933417792985e-3	1.3131933417792985e-3	1.3131933417792985e-3	1.3131933417792985e-3	1.3131933417792985e-3
RFX1_MOUSE.H11MO.1.A	5.718312501744873e-4	5.718312501744873e-4	5.718312501744873e-4	5.718312501744873e-4	5.718312501744873e-4
RFX2_MOUSE.H11MO.0.A	7.371545505180592e-4	7.371545505180592e-4	7.371545505180592e-4	7.371545505180592e-4	7.371545505180592e-4
RFX2_MOUSE.H11MO.1.A	4.829965797641165e-4	4.829965797641165e-4	4.829965797641165e-4	4.829965797641165e-4	4.829965797641165e-4
RFX3_MOUSE.H11MO.0.C	7.792520211816966e-4	7.792520211816966e-4	7.792520211816966e-4	7.792520211816966e-4	7.792520211816966e-4
RFX3_MOUSE.H11MO.1.C	4.6477226180815644e-4	4.6477226180815644e-4	4.6477226180815644e-4	4.6477226180815644e-4	4.6477226180815644e-4
RFX6_MOUSE.H11MO.0.C	7.406959446545781e-4	7.406959446545781e-4	7.406959446545781e-4	7.406959446545781e-4	7.406959446545781e-4
RFX6_MOUSE.H11MO.1.C	8.177778248290405e-4	8.177778248290405e-4	8.177778248290405e-4	8.177778248290405e-4	8.177778248290405e-4
RORA_MOUSE.H11MO.0.C	6.616066923977752e-4	6.616066923977752e-4	6.616066923977752e-4	6.616066923977752e-4	6.616066923977752e-4
RORG_MOUSE.H11MO.0.B	5.075977721950525e-4	5.075977721950525e-4	5.075977721950525e-4	5.075977721950525e-4	5.075977721950525e-4
RREB1_MOUSE.H11MO.0.D	1.284096811766082e-3	1.284096811766082e-3	1.284096811766082e-3	1.284096811766082e-3	1.284096811766082e-3
RUNX1_MOUSE.H11MO.0.A	6.243282985680383e-4	6.243282985680383e-4	6.243282985680383e-4	6.243282985680383e-4	6.243282985680383e-4
RUNX2_MOUSE.H11MO.0.A	9.160085623929151e-4	9.160085623929151e-4	9.160085623929151e-4	9.160085623929151e-4	9.160085623929151e-4
RUNX3_MOUSE.H11MO.0.A	8.133750391529228e-4	8.133750391529228e-4	8.133750391529228e-4	8.133750391529228e-4	8.133750391529228e-4
RXRA_MOUSE.H11MO.0.A	8.726607684174815e-4	8.726607684174815e-4	8.726607684174815e-4	8.726607684174815e-4	8.726607684174815e-4
RXRA_MOUSE.H11MO.1.A	7.407803184554477e-4	7.407803184554477e-4	7.407803184554477e-4	7.407803184554477e-4	7.407803184554477e-4
RXRA_MOUSE.H11MO.2.A	6.205937707700275e-4	6.205937707700275e-4	6.205937707700275e-4	6.205937707700275e-4	6.205937707700275e-4
RXRB_MOUSE.H11MO.0.C	7.419794181947752e-4	7.419794181947752e-4	7.419794181947752e-4	7.419794181947752e-4	7.419794181947752e-4
RXRG_MOUSE.H11MO.0.B	8.763845521457531e-4	8.763845521457531e-4	8.763845521457531e-4	8.763845521457531e-4	8.763845521457531e-4
RXRG_MOUSE.H11MO.1.B	4.939386658813808e-4	4.939386658813808e-4	4.939386658813808e-4	4.939386658813808e-4	4.939386658813808e-4
SALL1_MOUSE.H11MO.0.D	3.0395430250138565e-3	3.0395430250138565e-3	3.0395430250138565e-3	3.0395430250138565e-3	3.0395430250138565e-3
SALL4_MOUSE.H11MO.0.A	1.7558201927025665e-3	1.7558201927025665e-3	1.7558201927025665e-3	1.7558201927025665e-3	1.7558201927025665e-3
SIX2_MOUSE.H11MO.0.A	3.2008705443613847e-4	3.2008705443613847e-4	3.2008705443613847e-4	3.2008705443613847e-4	3.2008705443613847e-4
SIX4_MOUSE.H11MO.0.C	6.108469396060641e-4	6.108469396060641e-4	6.108469396060641e-4	6.108469396060641e-4	6.108469396060641e-4
SMAD1_MOUSE.H11MO.0.D	1.036615497194105e-3	1.036615497194105e-3	1.036615497194105e-3	1.036615497194105e-3	1.036615497194105e-3
SMAD2_MOUSE.H11MO.0.A	1.1876118320111378e-3	1.1876118320111378e-3	1.1876118320111378e-3	1.1876118320111378e-3	1.1876118320111378e-3
SMAD3_MOUSE.H11MO.0.B	1.8909326099710196e-3	1.8909326099710196e-3	1.8909326099710196e-3	1.8909326099710196e-3	1.8909326099710196e-3
SMAD4_MOUSE.H11MO.0.A	9.537380632614137e-4	9.537380632614137e-4	9.537380632614137e-4	9.537380632614137e-4	9.537380632614137e-4
SMCA5_MOUSE.H11MO.0.C	6.166980987130507e-4	6.166980987130507e-4	6.166980987130507e-4	6.166980987130507e-4	6.166980987130507e-4
SNAI1_MOUSE.H11MO.0.C	1.212200147021828e-3	1.212200147021828e-3	1.212200147021828e-3	1.212200147021828e-3	1.212200147021828e-3
SNAI2_MOUSE.H11MO.0.A	6.180446333602436e-4	6.180446333602436e-4	6.180446333602436e-4	6.180446333602436e-4	6.180446333602436e-4
SOX10_MOUSE.H11MO.0.B	3.865223871058506e-4	3.865223871058506e-4	3.865223871058506e-4	3.865223871058506e-4	3.865223871058506e-4
SOX10_MOUSE.H11MO.1.A	6.530107131505307e-4	6.530107131505307e-4	6.530107131505307e-4	6.530107131505307e-4	6.530107131505307e-4
SOX13_MOUSE.H11MO.0.D	3.110364795600576e-4	3.110364795600576e-4	3.110364795600576e-4	3.110364795600576e-4	3.110364795600576e-4
SOX15_MOUSE.H11MO.0.D	3.820105618504324e-4	3.820105618504324e-4	3.820105618504324e-4	3.820105618504324e-4	3.820105618504324e-4
SOX17_MOUSE.H11MO.0.D	5.250336118788961e-4	5.250336118788961e-4	5.250336118788961e-4	5.250336118788961e-4	5.250336118788961e-4
SOX18_MOUSE.H11MO.0.D	2.8594908772636884e-4	2.8594908772636884e-4	2.8594908772636884e-4	2.8594908772636884e-4	2.8594908772636884e-4
SOX2_MOUSE.H11MO.0.A	3.542335712824215e-4	3.542335712824215e-4	3.542335712824215e-4	3.542335712824215e-4	3.542335712824215e-4
SOX2_MOUSE.H11MO.1.A	5.680574196787943e-4	5.680574196787943e-4	5.680574196787943e-4	5.680574196787943e-4	5.680574196787943e-4
SOX3_MOUSE.H11MO.0.C	6.146502874957405e-4	6.146502874957405e-4	6.146502874957405e-4	6.146502874957405e-4	6.146502874957405e-4
SOX4_MOUSE.H11MO.0.A	7.187718876242347e-4	7.187718876242347e-4	7.187718876242347e-4	7.187718876242347e-4	7.187718876242347e-4
SOX5_MOUSE.H11MO.0.C	2.02442280702978e-4	2.02442280702978e-4	2.02442280702978e-4	2.02442280702978e-4	2.02442280702978e-4
SOX9_MOUSE.H11MO.0.A	4.61116606309117e-4	4.61116606309117e-4	4.61116606309117e-4	4.61116606309117e-4	4.61116606309117e-4
SOX9_MOUSE.H11MO.1.A	8.442868094274206e-4	8.442868094274206e-4	8.442868094274206e-4	8.442868094274206e-4	8.442868094274206e-4
SP1_MOUSE.H11MO.0.A	7.119943301332106e-3	7.119943301332106e-3	7.119943301332106e-3	7.119943301332106e-3	7.119943301332106e-3
SP1_MOUSE.H11MO.1.A	3.596381180876078e-3	3.596381180876078e-3	3.596381180876078e-3	3.596381180876078e-3	3.596381180876078e-3
SP2_MOUSE.H11MO.0.B	6.703438067573262e-3	6.703438067573262e-3	6.703438067573262e-3	6.703438067573262e-3	6.703438067573262e-3
SP2_MOUSE.H11MO.1.C	3.399990717984659e-3	3.399990717984659e-3	3.399990717984659e-3	3.399990717984659e-3	3.399990717984659e-3
SP3_MOUSE.H11MO.0.B	5.518468468806447e-3	5.518468468806447e-3	5.518468468806447e-3	5.518468468806447e-3	5.518468468806447e-3
SP4_MOUSE.H11MO.0.B	4.543264169360552e-3	4.543264169360552e-3	4.543264169360552e-3	4.543264169360552e-3	4.543264169360552e-3
SP4_MOUSE.H11MO.1.B	3.7806271499707346e-3	3.7806271499707346e-3	3.7806271499707346e-3	3.7806271499707346e-3	3.7806271499707346e-3
SP5_MOUSE.H11MO.0.C	5.130229467764453e-3	5.130229467764453e-3	5.130229467764453e-3	5.130229467764453e-3	5.130229467764453e-3
SP5_MOUSE.H11MO.1.C	3.0356916830938546e-3	3.0356916830938546e-3	3.0356916830938546e-3	3.0356916830938546e-3	3.0356916830938546e-3
SP7_MOUSE.H11MO.0.A	2.1307460141931675e-4	2.1307460141931675e-4	2.1307460141931675e-4	2.1307460141931675e-4	2.1307460141931675e-4
SPI1_MOUSE.H11MO.0.A	1.3968157725777015e-3	1.3968157725777015e-3	1.3968157725777015e-3	1.3968157725777015e-3	1.3968157725777015e-3
SPIB_MOUSE.H11MO.0.A	1.2604123771463556e-3	1.2604123771463556e-3	1.2604123771463556e-3	1.2604123771463556e-3	1.2604123771463556e-3
SPZ1_MOUSE.H11MO.0.D	3.248254001137393e-4	3.248254001137393e-4	3.248254001137393e-4	3.248254001137393e-4	3.248254001137393e-4
SRBP1_MOUSE.H11MO.0.B	6.076556667531307e-4	6.076556667531307e-4	6.076556667531307e-4	6.076556667531307e-4	6.076556667531307e-4
SRBP2_MOUSE.H11MO.0.B	8.056349086236627e-4	8.056349086236627e-4	8.056349086236627e-4	8.056349086236627e-4	8.056349086236627e-4
SRF_MOUSE.H11MO.0.A	5.114343050699916e-4	5.114343050699916e-4	5.114343050699916e-4	5.114343050699916e-4	5.114343050699916e-4
SRY_MOUSE.H11MO.0.B	3.4531769730344344e-4	3.4531769730344344e-4	3.4531769730344344e-4	3.4531769730344344e-4	3.4531769730344344e-4
STA5A_MOUSE.H11MO.0.A	6.725790285755824e-4	6.725790285755824e-4	6.725790285755824e-4	6.725790285755824e-4	6.725790285755824e-4
STA5B_MOUSE.H11MO.0.A	6.349476047260922e-4	6.349476047260922e-4	6.349476047260922e-4	6.349476047260922e-4	6.349476047260922e-4
STAT1_MOUSE.H11MO.0.A	1.1387743044997426e-3	1.1387743044997426e-3	1.1387743044997426e-3	1.1387743044997426e-3	1.1387743044997426e-3
STAT1_MOUSE.H11MO.1.A	7.241084001850984e-4	7.241084001850984e-4	7.241084001850984e-4	7.241084001850984e-4	7.241084001850984e-4
STAT2_MOUSE.H11MO.0.A	7.571541369418194e-4	7.571541369418194e-4	7.571541369418194e-4	7.571541369418194e-4	7.571541369418194e-4
STAT3_MOUSE.H11MO.0.A	8.211163191408346e-4	8.211163191408346e-4	8.211163191408346e-4	8.211163191408346e-4	8.211163191408346e-4
STAT4_MOUSE.H11MO.0.A	7.066292999619999e-4	7.066292999619999e-4	7.066292999619999e-4	7.066292999619999e-4	7.066292999619999e-4
STAT6_MOUSE.H11MO.0.A	5.123489107687236e-4	5.123489107687236e-4	5.123489107687236e-4	5.123489107687236e-4	5.123489107687236e-4
STF1_MOUSE.H11MO.0.B	9.385711312625358e-4	9.385711312625358e-4	9.385711312625358e-4	9.385711312625358e-4	9.385711312625358e-4
SUH_MOUSE.H11MO.0.A	8.515618273881231e-4	8.515618273881231e-4	8.515618273881231e-4	8.515618273881231e-4	8.515618273881231e-4
TAF1_MOUSE.H11MO.0.A	1.3447665300472338e-3	1.3447665300472338e-3	1.3447665300472338e-3	1.3447665300472338e-3	1.3447665300472338e-3
TAL1_MOUSE.H11MO.0.A	1.165003364904472e-3	1.165003364904472e-3	1.165003364904472e-3	1.165003364904472e-3	1.165003364904472e-3
TBP_MOUSE.H11MO.0.A	3.7108517309324135e-4	3.7108517309324135e-4	3.7108517309324135e-4	3.7108517309324135e-4	3.7108517309324135e-4
TBX20_MOUSE.H11MO.0.C	7.58843304748962e-4	7.58843304748962e-4	7.58843304748962e-4	7.58843304748962e-4	7.58843304748962e-4
TBX21_MOUSE.H11MO.0.A	7.153399809743368e-4	7.153399809743368e-4	7.153399809743368e-4	7.153399809743368e-4	7.153399809743368e-4
TBX2_MOUSE.H11MO.0.D	4.6735483736313316e-4	4.6735483736313316e-4	4.6735483736313316e-4	4.6735483736313316e-4	4.6735483736313316e-4
TBX3_MOUSE.H11MO.0.B	2.634203889197626e-4	2.634203889197626e-4	2.634203889197626e-4	2.634203889197626e-4	2.634203889197626e-4
TBX5_MOUSE.H11MO.0.D	5.784642207083501e-4	5.784642207083501e-4	5.784642207083501e-4	5.784642207083501e-4	5.784642207083501e-4
TCF7_MOUSE.H11MO.0.A	9.69740476522919e-4	9.69740476522919e-4	9.69740476522919e-4	9.69740476522919e-4	9.69740476522919e-4
TEAD1_MOUSE.H11MO.0.A	7.016233241464919e-4	7.016233241464919e-4	7.016233241464919e-4	7.016233241464919e-4	7.016233241464919e-4
TEAD2_MOUSE.H11MO.0.C	7.599474105130015e-4	7.599474105130015e-4	7.599474105130015e-4	7.599474105130015e-4	7.599474105130015e-4
TEAD3_MOUSE.H11MO.0.D	3.5521676886274723e-4	3.5521676886274723e-4	3.5521676886274723e-4	3.5521676886274723e-4	3.5521676886274723e-4
TEAD4_MOUSE.H11MO.0.A	7.602035141220261e-4	7.602035141220261e-4	7.602035141220261e-4	7.602035141220261e-4	7.602035141220261e-4
TEF_MOUSE.H11MO.0.D	2.3170024706152846e-4	2.3170024706152846e-4	2.3170024706152846e-4	2.3170024706152846e-4	2.3170024706152846e-4
TF2L1_MOUSE.H11MO.0.C	7.772140383080549e-4	7.772140383080549e-4	7.772140383080549e-4	7.772140383080549e-4	7.772140383080549e-4
TF2L1_MOUSE.H11MO.1.C	4.1583469203595265e-4	4.1583469203595265e-4	4.1583469203595265e-4	4.1583469203595265e-4	4.1583469203595265e-4
TF65_MOUSE.H11MO.0.A	4.8236670087896383e-4	4.8236670087896383e-4	4.8236670087896383e-4	4.8236670087896383e-4	4.8236670087896383e-4
TF7L1_MOUSE.H11MO.0.A	8.196121222212805e-4	8.196121222212805e-4	8.196121222212805e-4	8.196121222212805e-4	8.196121222212805e-4
TF7L2_MOUSE.H11MO.0.A	4.316662233562452e-4	4.316662233562452e-4	4.316662233562452e-4	4.316662233562452e-4	4.316662233562452e-4
TFCP2_MOUSE.H11MO.0.D	1.1657514435377014e-3	1.1657514435377014e-3	1.1657514435377014e-3	1.1657514435377014e-3	1.1657514435377014e-3
TFDP1_MOUSE.H11MO.0.D	1.350559401764477e-3	1.350559401764477e-3	1.350559401764477e-3	1.350559401764477e-3	1.350559401764477e-3
TFE2_MOUSE.H11MO.0.A	1.2645271357512994e-3	1.2645271357512994e-3	1.2645271357512994e-3	1.2645271357512994e-3	1.2645271357512994e-3
TFE3_MOUSE.H11MO.0.A	6.137359086969224e-4	6.137359086969224e-4	6.137359086969224e-4	6.137359086969224e-4	6.137359086969224e-4
TFEB_MOUSE.H11MO.0.C	4.5835274591271146e-4	4.5835274591271146e-4	4.5835274591271146e-4	4.5835274591271146e-4	4.5835274591271146e-4
TGIF1_MOUSE.H11MO.0.A	6.863889998542281e-4	6.863889998542281e-4	6.863889998542281e-4	6.863889998542281e-4	6.863889998542281e-4
THA11_MOUSE.H11MO.0.B	1.6805770080267355e-3	1.6805770080267355e-3	1.6805770080267355e-3	1.6805770080267355e-3	1.6805770080267355e-3
THA_MOUSE.H11MO.0.C	7.841008824039582e-4	7.841008824039582e-4	7.841008824039582e-4	7.841008824039582e-4	7.841008824039582e-4
THA_MOUSE.H11MO.1.C	7.633107949443101e-4	7.633107949443101e-4	7.633107949443101e-4	7.633107949443101e-4	7.633107949443101e-4
THB_MOUSE.H11MO.0.D	1.0178238944912059e-3	1.0178238944912059e-3	1.0178238944912059e-3	1.0178238944912059e-3	1.0178238944912059e-3
TLX1_MOUSE.H11MO.0.D	4.021854891226674e-4	4.021854891226674e-4	4.021854891226674e-4	4.021854891226674e-4	4.021854891226674e-4
TWST1_MOUSE.H11MO.0.B	3.8897079027511866e-4	3.8897079027511866e-4	3.8897079027511866e-4	3.8897079027511866e-4	3.8897079027511866e-4
TWST1_MOUSE.H11MO.1.B	5.899051216836938e-4	5.899051216836938e-4	5.899051216836938e-4	5.899051216836938e-4	5.899051216836938e-4
TYY1_MOUSE.H11MO.0.A	1.0216804797961857e-3	1.0216804797961857e-3	1.0216804797961857e-3	1.0216804797961857e-3	1.0216804797961857e-3
UBIP1_MOUSE.H11MO.0.D	4.2360755123400625e-3	4.2360755123400625e-3	4.2360755123400625e-3	4.2360755123400625e-3	4.2360755123400625e-3
USF1_MOUSE.H11MO.0.A	6.7542212384974e-4	6.7542212384974e-4	6.7542212384974e-4	6.7542212384974e-4	6.7542212384974e-4
USF2_MOUSE.H11MO.0.A	7.883665903605421e-4	7.883665903605421e-4	7.883665903605421e-4	7.883665903605421e-4	7.883665903605421e-4
VDR_MOUSE.H11MO.0.A	5.001953258300721e-4	5.001953258300721e-4	5.001953258300721e-4	5.001953258300721e-4	5.001953258300721e-4
VDR_MOUSE.H11MO.1.A	5.070968409980104e-4	5.070968409980104e-4	5.070968409980104e-4	5.070968409980104e-4	5.070968409980104e-4
VSX2_MOUSE.H11MO.0.C	2.3563571164439715e-4	2.3563571164439715e-4	2.3563571164439715e-4	2.3563571164439715e-4	2.3563571164439715e-4
WT1_MOUSE.H11MO.0.B	4.2934522154972786e-3	4.2934522154972786e-3	4.2934522154972786e-3	4.2934522154972786e-3	4.2934522154972786e-3
WT1_MOUSE.H11MO.1.A	1.5282751850965092e-3	1.5282751850965092e-3	1.5282751850965092e-3	1.5282751850965092e-3	1.5282751850965092e-3
XBP1_MOUSE.H11MO.0.C	1.7830763349368958e-4	1.7830763349368958e-4	1.7830763349368958e-4	1.7830763349368958e-4	1.7830763349368958e-4
ZBT17_MOUSE.H11MO.0.A	4.194930083211688e-3	4.194930083211688e-3	4.194930083211688e-3	4.194930083211688e-3	4.194930083211688e-3
ZBT18_MOUSE.H11MO.0.D	7.695945039397604e-4	7.695945039397604e-4	7.695945039397604e-4	7.695945039397604e-4	7.695945039397604e-4
ZBT7A_MOUSE.H11MO.0.B	3.064703076760848e-4	3.064703076760848e-4	3.064703076760848e-4	3.064703076760848e-4	3.064703076760848e-4
ZBTB6_MOUSE.H11MO.0.D	1.2093403822531538e-3	1.2093403822531538e-3	1.2093403822531538e-3	1.2093403822531538e-3	1.2093403822531538e-3
ZEB1_MOUSE.H11MO.0.B	6.140455607115034e-4	6.140455607115034e-4	6.140455607115034e-4	6.140455607115034e-4	6.140455607115034e-4
ZEP1_MOUSE.H11MO.0.D	6.025233650589229e-4	6.025233650589229e-4	6.025233650589229e-4	6.025233650589229e-4	6.025233650589229e-4
ZEP2_MOUSE.H11MO.0.D	3.901502969632151e-4	3.901502969632151e-4	3.901502969632151e-4	3.901502969632151e-4	3.901502969632151e-4
ZFHX3_MOUSE.H11MO.0.D	1.0537276013381174e-4	1.0537276013381174e-4	1.0537276013381174e-4	1.0537276013381174e-4	1.0537276013381174e-4
ZFP42_MOUSE.H11MO.0.A	1.186667293691079e-3	1.186667293691079e-3	1.186667293691079e-3	1.186667293691079e-3	1.186667293691079e-3
ZFP57_MOUSE.H11MO.0.B	2.95558726871803e-4	2.95558726871803e-4	2.95558726871803e-4	2.95558726871803e-4	2.95558726871803e-4
ZFX_MOUSE.H11MO.0.B	2.29290536271859e-3	2.29290536271859e-3	2.29290536271859e-3	2.29290536271859e-3	2.29290536271859e-3
ZFX_MOUSE.H11MO.1.B	1.237845067798017e-3	1.237845067798017e-3	1.237845067798017e-3	1.237845067798017e-3	1.237845067798017e-3
ZIC1_MOUSE.H11MO.0.B	6.619362939785381e-4	6.619362939785381e-4	6.619362939785381e-4	6.619362939785381e-4	6.619362939785381e-4
ZIC2_MOUSE.H11MO.0.C	1.5089642319385678e-3	1.5089642319385678e-3	1.5089642319385678e-3	1.5089642319385678e-3	1.5089642319385678e-3
ZIC3_MOUSE.H11MO.0.A	1.4869824181414464e-3	1.4869824181414464e-3	1.4869824181414464e-3	1.4869824181414464e-3	1.4869824181414464e-3
ZKSC1_MOUSE.H11MO.0.A	3.680798914071872e-4	3.680798914071872e-4	3.680798914071872e-4	3.680798914071872e-4	3.680798914071872e-4
ZN143_MOUSE.H11MO.0.A	1.7706850975252317e-3	1.7706850975252317e-3	1.7706850975252317e-3	1.7706850975252317e-3	1.7706850975252317e-3
ZN148_MOUSE.H11MO.0.D	2.3356885020997405e-3	2.3356885020997405e-3	2.3356885020997405e-3	2.3356885020997405e-3	2.3356885020997405e-3
ZN281_MOUSE.H11MO.0.A	1.9175137622447587e-3	1.9175137622447587e-3	1.9175137622447587e-3	1.9175137622447587e-3	1.9175137622447587e-3
ZN322_MOUSE.H11MO.0.B	1.1343351578522003e-3	1.1343351578522003e-3	1.1343351578522003e-3	1.1343351578522003e-3	1.1343351578522003e-3
ZN335_MOUSE.H11MO.0.A	2.059012602682116e-3	2.059012602682116e-3	2.059012602682116e-3	2.059012602682116e-3	2.059012602682116e-3
ZN335_MOUSE.H11MO.1.A	1.2344901704454707e-3	1.2344901704454707e-3	1.2344901704454707e-3	1.2344901704454707e-3	1.2344901704454707e-3
ZN423_MOUSE.H11MO.0.D	7.355461616528524e-5	7.355461616528524e-5	7.355461616528524e-5	7.355461616528524e-5	7.355461616528524e-5
ZN431_MOUSE.H11MO.0.C	7.958312793684943e-4	7.958312793684943e-4	7.958312793684943e-4	7.958312793684943e-4	7.958312793684943e-4
